ingredientId,ingredientName,sourceProductCode,sourceProductName,matchType,matchNote,sourceOrigin,sourceProductObserved,effectiveDate,year,month,priceMxnPerTon,priceMxnPerKgAsFed,minMxnPerTon,maxMxnPerTon,observations,locationCode,qualityFlag,ingestEligible,sourcePageUrl,sourceResultUrl,sourceQuery
38b1441f-52f5-40f4-8a2b-d53dccb3b2ae,Cascarilla de soya,838,Cascarilla de soya,exact,,Nuevo León,Cascarilla de soya,2024-01-31,2024,1,9750.0,9.75,9750.0,9750.0,-,MX-SNIIM-NUEVO_LEON,,True,http://www.economia-sniim.gob.mx/SNIIM-Pecuarios-Nacionales/SelIng.asp,http://www.economia-sniim.gob.mx/SNIIM-Pecuarios-Nacionales/e_Ing.asp,"{""RegPag"": ""1000"", ""anio"": ""2024"", ""mes"": ""01"", ""origen"": ""0"", ""prod"": ""838""}"
38b1441f-52f5-40f4-8a2b-d53dccb3b2ae,Cascarilla de soya,838,Cascarilla de soya,exact,,México,Cascarilla de soya,2024-02-29,2024,2,4450.0,4.45,4300.0,4600.0,-,MX-SNIIM-MEXICO,,True,http://www.economia-sniim.gob.mx/SNIIM-Pecuarios-Nacionales/SelIng.asp,http://www.economia-sniim.gob.mx/SNIIM-Pecuarios-Nacionales/e_Ing.asp,"{""RegPag"": ""1000"", ""anio"": ""2024"", ""mes"": ""02"", ""origen"": ""0"", ""prod"": ""838""}"
38b1441f-52f5-40f4-8a2b-d53dccb3b2ae,Cascarilla de soya,838,Cascarilla de soya,exact,,Nuevo León,Cascarilla de soya,2024-02-29,2024,2,9750.0,9.75,9750.0,9750.0,-,MX-SNIIM-NUEVO_LEON,,True,http://www.economia-sniim.gob.mx/SNIIM-Pecuarios-Nacionales/SelIng.asp,http://www.economia-sniim.gob.mx/SNIIM-Pecuarios-Nacionales/e_Ing.asp,"{""RegPag"": ""1000"", ""anio"": ""2024"", ""mes"": ""02"", ""origen"": ""0"", ""prod"": ""838""}"
38b1441f-52f5-40f4-8a2b-d53dccb3b2ae,Cascarilla de soya,838,Cascarilla de soya,exact,,México,Cascarilla de soya,2024-03-31,2024,3,3750.0,3.75,3500.0,4000.0,-,MX-SNIIM-MEXICO,,True,http://www.economia-sniim.gob.mx/SNIIM-Pecuarios-Nacionales/SelIng.asp,http://www.economia-sniim.gob.mx/SNIIM-Pecuarios-Nacionales/e_Ing.asp,"{""RegPag"": ""1000"", ""anio"": ""2024"", ""mes"": ""03"", ""origen"": ""0"", ""prod"": ""838""}"
38b1441f-52f5-40f4-8a2b-d53dccb3b2ae,Cascarilla de soya,838,Cascarilla de soya,exact,,Nuevo León,Cascarilla de soya,2024-03-31,2024,3,9880.0,9.88,9880.0,9880.0,-,MX-SNIIM-NUEVO_LEON,,True,http://www.economia-sniim.gob.mx/SNIIM-Pecuarios-Nacionales/SelIng.asp,http://www.economia-sniim.gob.mx/SNIIM-Pecuarios-Nacionales/e_Ing.asp,"{""RegPag"": ""1000"", ""anio"": ""2024"", ""mes"": ""03"", ""origen"": ""0"", ""prod"": ""838""}"
38b1441f-52f5-40f4-8a2b-d53dccb3b2ae,Cascarilla de soya,838,Cascarilla de soya,exact,,México,Cascarilla de soya,2024-04-30,2024,4,3750.0,3.75,3500.0,4000.0,-,MX-SNIIM-MEXICO,,True,http://www.economia-sniim.gob.mx/SNIIM-Pecuarios-Nacionales/SelIng.asp,http://www.economia-sniim.gob.mx/SNIIM-Pecuarios-Nacionales/e_Ing.asp,"{""RegPag"": ""1000"", ""anio"": ""2024"", ""mes"": ""04"", ""origen"": ""0"", ""prod"": ""838""}"
38b1441f-52f5-40f4-8a2b-d53dccb3b2ae,Cascarilla de soya,838,Cascarilla de soya,exact,,Nuevo León,Cascarilla de soya,2024-04-30,2024,4,9900.0,9.9,9900.0,9900.0,-,MX-SNIIM-NUEVO_LEON,,True,http://www.economia-sniim.gob.mx/SNIIM-Pecuarios-Nacionales/SelIng.asp,http://www.economia-sniim.gob.mx/SNIIM-Pecuarios-Nacionales/e_Ing.asp,"{""RegPag"": ""1000"", ""anio"": ""2024"", ""mes"": ""04"", ""origen"": ""0"", ""prod"": ""838""}"
38b1441f-52f5-40f4-8a2b-d53dccb3b2ae,Cascarilla de soya,838,Cascarilla de soya,exact,,México,Cascarilla de soya,2024-05-31,2024,5,3750.0,3.75,3500.0,4000.0,-,MX-SNIIM-MEXICO,,True,http://www.economia-sniim.gob.mx/SNIIM-Pecuarios-Nacionales/SelIng.asp,http://www.economia-sniim.gob.mx/SNIIM-Pecuarios-Nacionales/e_Ing.asp,"{""RegPag"": ""1000"", ""anio"": ""2024"", ""mes"": ""05"", ""origen"": ""0"", ""prod"": ""838""}"
38b1441f-52f5-40f4-8a2b-d53dccb3b2ae,Cascarilla de soya,838,Cascarilla de soya,exact,,México,Cascarilla de soya,2024-06-30,2024,6,3750.0,3.75,3500.0,4000.0,-,MX-SNIIM-MEXICO,,True,http://www.economia-sniim.gob.mx/SNIIM-Pecuarios-Nacionales/SelIng.asp,http://www.economia-sniim.gob.mx/SNIIM-Pecuarios-Nacionales/e_Ing.asp,"{""RegPag"": ""1000"", ""anio"": ""2024"", ""mes"": ""06"", ""origen"": ""0"", ""prod"": ""838""}"
38b1441f-52f5-40f4-8a2b-d53dccb3b2ae,Cascarilla de soya,838,Cascarilla de soya,exact,,México,Cascarilla de soya,2024-07-31,2024,7,3750.0,3.75,3500.0,4000.0,-,MX-SNIIM-MEXICO,,True,http://www.economia-sniim.gob.mx/SNIIM-Pecuarios-Nacionales/SelIng.asp,http://www.economia-sniim.gob.mx/SNIIM-Pecuarios-Nacionales/e_Ing.asp,"{""RegPag"": ""1000"", ""anio"": ""2024"", ""mes"": ""07"", ""origen"": ""0"", ""prod"": ""838""}"
38b1441f-52f5-40f4-8a2b-d53dccb3b2ae,Cascarilla de soya,838,Cascarilla de soya,exact,,México,Cascarilla de soya,2024-08-31,2024,8,3750.0,3.75,3500.0,4000.0,-,MX-SNIIM-MEXICO,,True,http://www.economia-sniim.gob.mx/SNIIM-Pecuarios-Nacionales/SelIng.asp,http://www.economia-sniim.gob.mx/SNIIM-Pecuarios-Nacionales/e_Ing.asp,"{""RegPag"": ""1000"", ""anio"": ""2024"", ""mes"": ""08"", ""origen"": ""0"", ""prod"": ""838""}"
38b1441f-52f5-40f4-8a2b-d53dccb3b2ae,Cascarilla de soya,838,Cascarilla de soya,exact,,Nuevo León,Cascarilla de soya,2024-08-31,2024,8,9900.0,9.9,9900.0,9900.0,-,MX-SNIIM-NUEVO_LEON,,True,http://www.economia-sniim.gob.mx/SNIIM-Pecuarios-Nacionales/SelIng.asp,http://www.economia-sniim.gob.mx/SNIIM-Pecuarios-Nacionales/e_Ing.asp,"{""RegPag"": ""1000"", ""anio"": ""2024"", ""mes"": ""08"", ""origen"": ""0"", ""prod"": ""838""}"
38b1441f-52f5-40f4-8a2b-d53dccb3b2ae,Cascarilla de soya,838,Cascarilla de soya,exact,,México,Cascarilla de soya,2024-09-30,2024,9,4750.0,4.75,4500.0,5000.0,-,MX-SNIIM-MEXICO,,True,http://www.economia-sniim.gob.mx/SNIIM-Pecuarios-Nacionales/SelIng.asp,http://www.economia-sniim.gob.mx/SNIIM-Pecuarios-Nacionales/e_Ing.asp,"{""RegPag"": ""1000"", ""anio"": ""2024"", ""mes"": ""09"", ""origen"": ""0"", ""prod"": ""838""}"
38b1441f-52f5-40f4-8a2b-d53dccb3b2ae,Cascarilla de soya,838,Cascarilla de soya,exact,,Nuevo León,Cascarilla de soya,2024-09-30,2024,9,5600.0,5.6,5600.0,5600.0,-,MX-SNIIM-NUEVO_LEON,,True,http://www.economia-sniim.gob.mx/SNIIM-Pecuarios-Nacionales/SelIng.asp,http://www.economia-sniim.gob.mx/SNIIM-Pecuarios-Nacionales/e_Ing.asp,"{""RegPag"": ""1000"", ""anio"": ""2024"", ""mes"": ""09"", ""origen"": ""0"", ""prod"": ""838""}"
38b1441f-52f5-40f4-8a2b-d53dccb3b2ae,Cascarilla de soya,838,Cascarilla de soya,exact,,México,Cascarilla de soya,2024-10-31,2024,10,4750.0,4.75,4500.0,5000.0,-,MX-SNIIM-MEXICO,,True,http://www.economia-sniim.gob.mx/SNIIM-Pecuarios-Nacionales/SelIng.asp,http://www.economia-sniim.gob.mx/SNIIM-Pecuarios-Nacionales/e_Ing.asp,"{""RegPag"": ""1000"", ""anio"": ""2024"", ""mes"": ""10"", ""origen"": ""0"", ""prod"": ""838""}"
38b1441f-52f5-40f4-8a2b-d53dccb3b2ae,Cascarilla de soya,838,Cascarilla de soya,exact,,Nuevo León,Cascarilla de soya,2024-10-31,2024,10,5750.0,5.75,5600.0,5900.0,-,MX-SNIIM-NUEVO_LEON,,True,http://www.economia-sniim.gob.mx/SNIIM-Pecuarios-Nacionales/SelIng.asp,http://www.economia-sniim.gob.mx/SNIIM-Pecuarios-Nacionales/e_Ing.asp,"{""RegPag"": ""1000"", ""anio"": ""2024"", ""mes"": ""10"", ""origen"": ""0"", ""prod"": ""838""}"
38b1441f-52f5-40f4-8a2b-d53dccb3b2ae,Cascarilla de soya,838,Cascarilla de soya,exact,,México,Cascarilla de soya,2024-11-30,2024,11,4750.0,4.75,4500.0,5000.0,-,MX-SNIIM-MEXICO,,True,http://www.economia-sniim.gob.mx/SNIIM-Pecuarios-Nacionales/SelIng.asp,http://www.economia-sniim.gob.mx/SNIIM-Pecuarios-Nacionales/e_Ing.asp,"{""RegPag"": ""1000"", ""anio"": ""2024"", ""mes"": ""11"", ""origen"": ""0"", ""prod"": ""838""}"
38b1441f-52f5-40f4-8a2b-d53dccb3b2ae,Cascarilla de soya,838,Cascarilla de soya,exact,,Nuevo León,Cascarilla de soya,2024-11-30,2024,11,5790.0,5.79,5600.0,5980.0,-,MX-SNIIM-NUEVO_LEON,,True,http://www.economia-sniim.gob.mx/SNIIM-Pecuarios-Nacionales/SelIng.asp,http://www.economia-sniim.gob.mx/SNIIM-Pecuarios-Nacionales/e_Ing.asp,"{""RegPag"": ""1000"", ""anio"": ""2024"", ""mes"": ""11"", ""origen"": ""0"", ""prod"": ""838""}"
38b1441f-52f5-40f4-8a2b-d53dccb3b2ae,Cascarilla de soya,838,Cascarilla de soya,exact,,México,Cascarilla de soya,2024-12-31,2024,12,3750.0,3.75,3500.0,4000.0,-,MX-SNIIM-MEXICO,,True,http://www.economia-sniim.gob.mx/SNIIM-Pecuarios-Nacionales/SelIng.asp,http://www.economia-sniim.gob.mx/SNIIM-Pecuarios-Nacionales/e_Ing.asp,"{""RegPag"": ""1000"", ""anio"": ""2024"", ""mes"": ""12"", ""origen"": ""0"", ""prod"": ""838""}"
38b1441f-52f5-40f4-8a2b-d53dccb3b2ae,Cascarilla de soya,838,Cascarilla de soya,exact,,Nuevo León,Cascarilla de soya,2024-12-31,2024,12,5790.0,5.79,5600.0,5980.0,-,MX-SNIIM-NUEVO_LEON,,True,http://www.economia-sniim.gob.mx/SNIIM-Pecuarios-Nacionales/SelIng.asp,http://www.economia-sniim.gob.mx/SNIIM-Pecuarios-Nacionales/e_Ing.asp,"{""RegPag"": ""1000"", ""anio"": ""2024"", ""mes"": ""12"", ""origen"": ""0"", ""prod"": ""838""}"
38b1441f-52f5-40f4-8a2b-d53dccb3b2ae,Cascarilla de soya,838,Cascarilla de soya,exact,,México,Cascarilla de soya,2025-01-31,2025,1,3750.0,3.75,3500.0,4000.0,-,MX-SNIIM-MEXICO,,True,http://www.economia-sniim.gob.mx/SNIIM-Pecuarios-Nacionales/SelIng.asp,http://www.economia-sniim.gob.mx/SNIIM-Pecuarios-Nacionales/e_Ing.asp,"{""RegPag"": ""1000"", ""anio"": ""2025"", ""mes"": ""01"", ""origen"": ""0"", ""prod"": ""838""}"
38b1441f-52f5-40f4-8a2b-d53dccb3b2ae,Cascarilla de soya,838,Cascarilla de soya,exact,,México,Cascarilla de soya,2025-02-28,2025,2,3750.0,3.75,3500.0,4000.0,-,MX-SNIIM-MEXICO,,True,http://www.economia-sniim.gob.mx/SNIIM-Pecuarios-Nacionales/SelIng.asp,http://www.economia-sniim.gob.mx/SNIIM-Pecuarios-Nacionales/e_Ing.asp,"{""RegPag"": ""1000"", ""anio"": ""2025"", ""mes"": ""02"", ""origen"": ""0"", ""prod"": ""838""}"
38b1441f-52f5-40f4-8a2b-d53dccb3b2ae,Cascarilla de soya,838,Cascarilla de soya,exact,,Nuevo León,Cascarilla de soya,2025-02-28,2025,2,5600.0,5.6,5600.0,5600.0,-,MX-SNIIM-NUEVO_LEON,,True,http://www.economia-sniim.gob.mx/SNIIM-Pecuarios-Nacionales/SelIng.asp,http://www.economia-sniim.gob.mx/SNIIM-Pecuarios-Nacionales/e_Ing.asp,"{""RegPag"": ""1000"", ""anio"": ""2025"", ""mes"": ""02"", ""origen"": ""0"", ""prod"": ""838""}"
38b1441f-52f5-40f4-8a2b-d53dccb3b2ae,Cascarilla de soya,838,Cascarilla de soya,exact,,México,Cascarilla de soya,2025-03-31,2025,3,4500.0,4.5,4000.0,5000.0,-,MX-SNIIM-MEXICO,,True,http://www.economia-sniim.gob.mx/SNIIM-Pecuarios-Nacionales/SelIng.asp,http://www.economia-sniim.gob.mx/SNIIM-Pecuarios-Nacionales/e_Ing.asp,"{""RegPag"": ""1000"", ""anio"": ""2025"", ""mes"": ""03"", ""origen"": ""0"", ""prod"": ""838""}"
38b1441f-52f5-40f4-8a2b-d53dccb3b2ae,Cascarilla de soya,838,Cascarilla de soya,exact,,Nuevo León,Cascarilla de soya,2025-03-31,2025,3,5600.0,5.6,5600.0,5600.0,-,MX-SNIIM-NUEVO_LEON,,True,http://www.economia-sniim.gob.mx/SNIIM-Pecuarios-Nacionales/SelIng.asp,http://www.economia-sniim.gob.mx/SNIIM-Pecuarios-Nacionales/e_Ing.asp,"{""RegPag"": ""1000"", ""anio"": ""2025"", ""mes"": ""03"", ""origen"": ""0"", ""prod"": ""838""}"
38b1441f-52f5-40f4-8a2b-d53dccb3b2ae,Cascarilla de soya,838,Cascarilla de soya,exact,,México,Cascarilla de soya,2025-04-30,2025,4,4500.0,4.5,4000.0,5000.0,-,MX-SNIIM-MEXICO,,True,http://www.economia-sniim.gob.mx/SNIIM-Pecuarios-Nacionales/SelIng.asp,http://www.economia-sniim.gob.mx/SNIIM-Pecuarios-Nacionales/e_Ing.asp,"{""RegPag"": ""1000"", ""anio"": ""2025"", ""mes"": ""04"", ""origen"": ""0"", ""prod"": ""838""}"
38b1441f-52f5-40f4-8a2b-d53dccb3b2ae,Cascarilla de soya,838,Cascarilla de soya,exact,,Nuevo León,Cascarilla de soya,2025-04-30,2025,4,5600.0,5.6,5600.0,5600.0,-,MX-SNIIM-NUEVO_LEON,,True,http://www.economia-sniim.gob.mx/SNIIM-Pecuarios-Nacionales/SelIng.asp,http://www.economia-sniim.gob.mx/SNIIM-Pecuarios-Nacionales/e_Ing.asp,"{""RegPag"": ""1000"", ""anio"": ""2025"", ""mes"": ""04"", ""origen"": ""0"", ""prod"": ""838""}"
38b1441f-52f5-40f4-8a2b-d53dccb3b2ae,Cascarilla de soya,838,Cascarilla de soya,exact,,México,Cascarilla de soya,2025-05-31,2025,5,4500.0,4.5,4000.0,5000.0,-,MX-SNIIM-MEXICO,,True,http://www.economia-sniim.gob.mx/SNIIM-Pecuarios-Nacionales/SelIng.asp,http://www.economia-sniim.gob.mx/SNIIM-Pecuarios-Nacionales/e_Ing.asp,"{""RegPag"": ""1000"", ""anio"": ""2025"", ""mes"": ""05"", ""origen"": ""0"", ""prod"": ""838""}"
38b1441f-52f5-40f4-8a2b-d53dccb3b2ae,Cascarilla de soya,838,Cascarilla de soya,exact,,Nuevo León,Cascarilla de soya,2025-05-31,2025,5,6000.0,6.0,6000.0,6000.0,-,MX-SNIIM-NUEVO_LEON,,True,http://www.economia-sniim.gob.mx/SNIIM-Pecuarios-Nacionales/SelIng.asp,http://www.economia-sniim.gob.mx/SNIIM-Pecuarios-Nacionales/e_Ing.asp,"{""RegPag"": ""1000"", ""anio"": ""2025"", ""mes"": ""05"", ""origen"": ""0"", ""prod"": ""838""}"
38b1441f-52f5-40f4-8a2b-d53dccb3b2ae,Cascarilla de soya,838,Cascarilla de soya,exact,,México,Cascarilla de soya,2025-06-30,2025,6,3750.0,3.75,3500.0,4000.0,-,MX-SNIIM-MEXICO,,True,http://www.economia-sniim.gob.mx/SNIIM-Pecuarios-Nacionales/SelIng.asp,http://www.economia-sniim.gob.mx/SNIIM-Pecuarios-Nacionales/e_Ing.asp,"{""RegPag"": ""1000"", ""anio"": ""2025"", ""mes"": ""06"", ""origen"": ""0"", ""prod"": ""838""}"
38b1441f-52f5-40f4-8a2b-d53dccb3b2ae,Cascarilla de soya,838,Cascarilla de soya,exact,,Nuevo León,Cascarilla de soya,2025-06-30,2025,6,6000.0,6.0,6000.0,6000.0,-,MX-SNIIM-NUEVO_LEON,,True,http://www.economia-sniim.gob.mx/SNIIM-Pecuarios-Nacionales/SelIng.asp,http://www.economia-sniim.gob.mx/SNIIM-Pecuarios-Nacionales/e_Ing.asp,"{""RegPag"": ""1000"", ""anio"": ""2025"", ""mes"": ""06"", ""origen"": ""0"", ""prod"": ""838""}"
38b1441f-52f5-40f4-8a2b-d53dccb3b2ae,Cascarilla de soya,838,Cascarilla de soya,exact,,México,Cascarilla de soya,2025-07-31,2025,7,2750.0,2.75,2500.0,3000.0,-,MX-SNIIM-MEXICO,,True,http://www.economia-sniim.gob.mx/SNIIM-Pecuarios-Nacionales/SelIng.asp,http://www.economia-sniim.gob.mx/SNIIM-Pecuarios-Nacionales/e_Ing.asp,"{""RegPag"": ""1000"", ""anio"": ""2025"", ""mes"": ""07"", ""origen"": ""0"", ""prod"": ""838""}"
38b1441f-52f5-40f4-8a2b-d53dccb3b2ae,Cascarilla de soya,838,Cascarilla de soya,exact,,Nuevo León,Cascarilla de soya,2025-07-31,2025,7,6000.0,6.0,6000.0,6000.0,-,MX-SNIIM-NUEVO_LEON,,True,http://www.economia-sniim.gob.mx/SNIIM-Pecuarios-Nacionales/SelIng.asp,http://www.economia-sniim.gob.mx/SNIIM-Pecuarios-Nacionales/e_Ing.asp,"{""RegPag"": ""1000"", ""anio"": ""2025"", ""mes"": ""07"", ""origen"": ""0"", ""prod"": ""838""}"
38b1441f-52f5-40f4-8a2b-d53dccb3b2ae,Cascarilla de soya,838,Cascarilla de soya,exact,,México,Cascarilla de soya,2025-08-31,2025,8,2750.0,2.75,2500.0,3000.0,-,MX-SNIIM-MEXICO,,True,http://www.economia-sniim.gob.mx/SNIIM-Pecuarios-Nacionales/SelIng.asp,http://www.economia-sniim.gob.mx/SNIIM-Pecuarios-Nacionales/e_Ing.asp,"{""RegPag"": ""1000"", ""anio"": ""2025"", ""mes"": ""08"", ""origen"": ""0"", ""prod"": ""838""}"
38b1441f-52f5-40f4-8a2b-d53dccb3b2ae,Cascarilla de soya,838,Cascarilla de soya,exact,,Nuevo León,Cascarilla de soya,2025-08-31,2025,8,6000.0,6.0,6000.0,6000.0,-,MX-SNIIM-NUEVO_LEON,,True,http://www.economia-sniim.gob.mx/SNIIM-Pecuarios-Nacionales/SelIng.asp,http://www.economia-sniim.gob.mx/SNIIM-Pecuarios-Nacionales/e_Ing.asp,"{""RegPag"": ""1000"", ""anio"": ""2025"", ""mes"": ""08"", ""origen"": ""0"", ""prod"": ""838""}"
38b1441f-52f5-40f4-8a2b-d53dccb3b2ae,Cascarilla de soya,838,Cascarilla de soya,exact,,México,Cascarilla de soya,2025-09-30,2025,9,2750.0,2.75,2500.0,3000.0,-,MX-SNIIM-MEXICO,,True,http://www.economia-sniim.gob.mx/SNIIM-Pecuarios-Nacionales/SelIng.asp,http://www.economia-sniim.gob.mx/SNIIM-Pecuarios-Nacionales/e_Ing.asp,"{""RegPag"": ""1000"", ""anio"": ""2025"", ""mes"": ""09"", ""origen"": ""0"", ""prod"": ""838""}"
38b1441f-52f5-40f4-8a2b-d53dccb3b2ae,Cascarilla de soya,838,Cascarilla de soya,exact,,Nuevo León,Cascarilla de soya,2025-09-30,2025,9,6000.0,6.0,6000.0,6000.0,-,MX-SNIIM-NUEVO_LEON,,True,http://www.economia-sniim.gob.mx/SNIIM-Pecuarios-Nacionales/SelIng.asp,http://www.economia-sniim.gob.mx/SNIIM-Pecuarios-Nacionales/e_Ing.asp,"{""RegPag"": ""1000"", ""anio"": ""2025"", ""mes"": ""09"", ""origen"": ""0"", ""prod"": ""838""}"
38b1441f-52f5-40f4-8a2b-d53dccb3b2ae,Cascarilla de soya,838,Cascarilla de soya,exact,,México,Cascarilla de soya,2025-10-31,2025,10,2750.0,2.75,2500.0,3000.0,-,MX-SNIIM-MEXICO,,True,http://www.economia-sniim.gob.mx/SNIIM-Pecuarios-Nacionales/SelIng.asp,http://www.economia-sniim.gob.mx/SNIIM-Pecuarios-Nacionales/e_Ing.asp,"{""RegPag"": ""1000"", ""anio"": ""2025"", ""mes"": ""10"", ""origen"": ""0"", ""prod"": ""838""}"
38b1441f-52f5-40f4-8a2b-d53dccb3b2ae,Cascarilla de soya,838,Cascarilla de soya,exact,,Nuevo León,Cascarilla de soya,2025-10-31,2025,10,6000.0,6.0,6000.0,6000.0,-,MX-SNIIM-NUEVO_LEON,,True,http://www.economia-sniim.gob.mx/SNIIM-Pecuarios-Nacionales/SelIng.asp,http://www.economia-sniim.gob.mx/SNIIM-Pecuarios-Nacionales/e_Ing.asp,"{""RegPag"": ""1000"", ""anio"": ""2025"", ""mes"": ""10"", ""origen"": ""0"", ""prod"": ""838""}"
38b1441f-52f5-40f4-8a2b-d53dccb3b2ae,Cascarilla de soya,838,Cascarilla de soya,exact,,México,Cascarilla de soya,2025-11-30,2025,11,2750.0,2.75,2500.0,3000.0,-,MX-SNIIM-MEXICO,,True,http://www.economia-sniim.gob.mx/SNIIM-Pecuarios-Nacionales/SelIng.asp,http://www.economia-sniim.gob.mx/SNIIM-Pecuarios-Nacionales/e_Ing.asp,"{""RegPag"": ""1000"", ""anio"": ""2025"", ""mes"": ""11"", ""origen"": ""0"", ""prod"": ""838""}"
38b1441f-52f5-40f4-8a2b-d53dccb3b2ae,Cascarilla de soya,838,Cascarilla de soya,exact,,Nuevo León,Cascarilla de soya,2025-11-30,2025,11,6000.0,6.0,6000.0,6000.0,-,MX-SNIIM-NUEVO_LEON,,True,http://www.economia-sniim.gob.mx/SNIIM-Pecuarios-Nacionales/SelIng.asp,http://www.economia-sniim.gob.mx/SNIIM-Pecuarios-Nacionales/e_Ing.asp,"{""RegPag"": ""1000"", ""anio"": ""2025"", ""mes"": ""11"", ""origen"": ""0"", ""prod"": ""838""}"
38b1441f-52f5-40f4-8a2b-d53dccb3b2ae,Cascarilla de soya,838,Cascarilla de soya,exact,,México,Cascarilla de soya,2025-12-31,2025,12,2750.0,2.75,2500.0,3000.0,-,MX-SNIIM-MEXICO,,True,http://www.economia-sniim.gob.mx/SNIIM-Pecuarios-Nacionales/SelIng.asp,http://www.economia-sniim.gob.mx/SNIIM-Pecuarios-Nacionales/e_Ing.asp,"{""RegPag"": ""1000"", ""anio"": ""2025"", ""mes"": ""12"", ""origen"": ""0"", ""prod"": ""838""}"
38b1441f-52f5-40f4-8a2b-d53dccb3b2ae,Cascarilla de soya,838,Cascarilla de soya,exact,,Nuevo León,Cascarilla de soya,2025-12-31,2025,12,6000.0,6.0,6000.0,6000.0,-,MX-SNIIM-NUEVO_LEON,,True,http://www.economia-sniim.gob.mx/SNIIM-Pecuarios-Nacionales/SelIng.asp,http://www.economia-sniim.gob.mx/SNIIM-Pecuarios-Nacionales/e_Ing.asp,"{""RegPag"": ""1000"", ""anio"": ""2025"", ""mes"": ""12"", ""origen"": ""0"", ""prod"": ""838""}"
38b1441f-52f5-40f4-8a2b-d53dccb3b2ae,Cascarilla de soya,838,Cascarilla de soya,exact,,México,Cascarilla de soya,2026-01-31,2026,1,2750.0,2.75,2500.0,3000.0,-,MX-SNIIM-MEXICO,,True,http://www.economia-sniim.gob.mx/SNIIM-Pecuarios-Nacionales/SelIng.asp,http://www.economia-sniim.gob.mx/SNIIM-Pecuarios-Nacionales/e_Ing.asp,"{""RegPag"": ""1000"", ""anio"": ""2026"", ""mes"": ""01"", ""origen"": ""0"", ""prod"": ""838""}"
38b1441f-52f5-40f4-8a2b-d53dccb3b2ae,Cascarilla de soya,838,Cascarilla de soya,exact,,México,Cascarilla de soya,2026-02-28,2026,2,2750.0,2.75,2500.0,3000.0,-,MX-SNIIM-MEXICO,,True,http://www.economia-sniim.gob.mx/SNIIM-Pecuarios-Nacionales/SelIng.asp,http://www.economia-sniim.gob.mx/SNIIM-Pecuarios-Nacionales/e_Ing.asp,"{""RegPag"": ""1000"", ""anio"": ""2026"", ""mes"": ""02"", ""origen"": ""0"", ""prod"": ""838""}"
38b1441f-52f5-40f4-8a2b-d53dccb3b2ae,Cascarilla de soya,838,Cascarilla de soya,exact,,Nuevo León,Cascarilla de soya,2026-02-28,2026,2,7120.0,7.12,6000.0,8240.0,-,MX-SNIIM-NUEVO_LEON,,True,http://www.economia-sniim.gob.mx/SNIIM-Pecuarios-Nacionales/SelIng.asp,http://www.economia-sniim.gob.mx/SNIIM-Pecuarios-Nacionales/e_Ing.asp,"{""RegPag"": ""1000"", ""anio"": ""2026"", ""mes"": ""02"", ""origen"": ""0"", ""prod"": ""838""}"
4fd42ff5-1667-423f-ba1b-8f637e690a3a,Heno de alfalfa,817,Alfalfa pacas,proxy,La presentacion 'Alfalfa pacas' es la mas cercana al heno comercial para corral.,Jalisco,Alfalfa pacas,2024-01-31,2024,1,6100.0,6.1,6100.0,6100.0,-,MX-SNIIM-JALISCO,,True,http://www.economia-sniim.gob.mx/SNIIM-Pecuarios-Nacionales/SelIng.asp,http://www.economia-sniim.gob.mx/SNIIM-Pecuarios-Nacionales/e_Ing.asp,"{""RegPag"": ""1000"", ""anio"": ""2024"", ""mes"": ""01"", ""origen"": ""0"", ""prod"": ""817""}"
4fd42ff5-1667-423f-ba1b-8f637e690a3a,Heno de alfalfa,817,Alfalfa pacas,proxy,La presentacion 'Alfalfa pacas' es la mas cercana al heno comercial para corral.,Nuevo León,Alfalfa pacas,2024-01-31,2024,1,9500.0,9.5,9500.0,9500.0,-,MX-SNIIM-NUEVO_LEON,,True,http://www.economia-sniim.gob.mx/SNIIM-Pecuarios-Nacionales/SelIng.asp,http://www.economia-sniim.gob.mx/SNIIM-Pecuarios-Nacionales/e_Ing.asp,"{""RegPag"": ""1000"", ""anio"": ""2024"", ""mes"": ""01"", ""origen"": ""0"", ""prod"": ""817""}"
4fd42ff5-1667-423f-ba1b-8f637e690a3a,Heno de alfalfa,817,Alfalfa pacas,proxy,La presentacion 'Alfalfa pacas' es la mas cercana al heno comercial para corral.,Jalisco,Alfalfa pacas,2024-02-29,2024,2,6100.0,6.1,6100.0,6100.0,-,MX-SNIIM-JALISCO,,True,http://www.economia-sniim.gob.mx/SNIIM-Pecuarios-Nacionales/SelIng.asp,http://www.economia-sniim.gob.mx/SNIIM-Pecuarios-Nacionales/e_Ing.asp,"{""RegPag"": ""1000"", ""anio"": ""2024"", ""mes"": ""02"", ""origen"": ""0"", ""prod"": ""817""}"
4fd42ff5-1667-423f-ba1b-8f637e690a3a,Heno de alfalfa,817,Alfalfa pacas,proxy,La presentacion 'Alfalfa pacas' es la mas cercana al heno comercial para corral.,Nuevo León,Alfalfa pacas,2024-02-29,2024,2,9500.0,9.5,9500.0,9500.0,-,MX-SNIIM-NUEVO_LEON,,True,http://www.economia-sniim.gob.mx/SNIIM-Pecuarios-Nacionales/SelIng.asp,http://www.economia-sniim.gob.mx/SNIIM-Pecuarios-Nacionales/e_Ing.asp,"{""RegPag"": ""1000"", ""anio"": ""2024"", ""mes"": ""02"", ""origen"": ""0"", ""prod"": ""817""}"
4fd42ff5-1667-423f-ba1b-8f637e690a3a,Heno de alfalfa,817,Alfalfa pacas,proxy,La presentacion 'Alfalfa pacas' es la mas cercana al heno comercial para corral.,Jalisco,Alfalfa pacas,2024-03-31,2024,3,6200.0,6.2,6200.0,6200.0,-,MX-SNIIM-JALISCO,,True,http://www.economia-sniim.gob.mx/SNIIM-Pecuarios-Nacionales/SelIng.asp,http://www.economia-sniim.gob.mx/SNIIM-Pecuarios-Nacionales/e_Ing.asp,"{""RegPag"": ""1000"", ""anio"": ""2024"", ""mes"": ""03"", ""origen"": ""0"", ""prod"": ""817""}"
4fd42ff5-1667-423f-ba1b-8f637e690a3a,Heno de alfalfa,817,Alfalfa pacas,proxy,La presentacion 'Alfalfa pacas' es la mas cercana al heno comercial para corral.,Nuevo León,Alfalfa pacas,2024-03-31,2024,3,10000.0,10.0,9500.0,10500.0,-,MX-SNIIM-NUEVO_LEON,,True,http://www.economia-sniim.gob.mx/SNIIM-Pecuarios-Nacionales/SelIng.asp,http://www.economia-sniim.gob.mx/SNIIM-Pecuarios-Nacionales/e_Ing.asp,"{""RegPag"": ""1000"", ""anio"": ""2024"", ""mes"": ""03"", ""origen"": ""0"", ""prod"": ""817""}"
4fd42ff5-1667-423f-ba1b-8f637e690a3a,Heno de alfalfa,817,Alfalfa pacas,proxy,La presentacion 'Alfalfa pacas' es la mas cercana al heno comercial para corral.,Jalisco,Alfalfa pacas,2024-04-30,2024,4,6200.0,6.2,6200.0,6200.0,-,MX-SNIIM-JALISCO,,True,http://www.economia-sniim.gob.mx/SNIIM-Pecuarios-Nacionales/SelIng.asp,http://www.economia-sniim.gob.mx/SNIIM-Pecuarios-Nacionales/e_Ing.asp,"{""RegPag"": ""1000"", ""anio"": ""2024"", ""mes"": ""04"", ""origen"": ""0"", ""prod"": ""817""}"
4fd42ff5-1667-423f-ba1b-8f637e690a3a,Heno de alfalfa,817,Alfalfa pacas,proxy,La presentacion 'Alfalfa pacas' es la mas cercana al heno comercial para corral.,Nuevo León,Alfalfa pacas,2024-04-30,2024,4,10250.0,10.25,9500.0,11000.0,-,MX-SNIIM-NUEVO_LEON,,True,http://www.economia-sniim.gob.mx/SNIIM-Pecuarios-Nacionales/SelIng.asp,http://www.economia-sniim.gob.mx/SNIIM-Pecuarios-Nacionales/e_Ing.asp,"{""RegPag"": ""1000"", ""anio"": ""2024"", ""mes"": ""04"", ""origen"": ""0"", ""prod"": ""817""}"
4fd42ff5-1667-423f-ba1b-8f637e690a3a,Heno de alfalfa,817,Alfalfa pacas,proxy,La presentacion 'Alfalfa pacas' es la mas cercana al heno comercial para corral.,Jalisco,Alfalfa pacas,2024-05-31,2024,5,6200.0,6.2,6200.0,6200.0,-,MX-SNIIM-JALISCO,,True,http://www.economia-sniim.gob.mx/SNIIM-Pecuarios-Nacionales/SelIng.asp,http://www.economia-sniim.gob.mx/SNIIM-Pecuarios-Nacionales/e_Ing.asp,"{""RegPag"": ""1000"", ""anio"": ""2024"", ""mes"": ""05"", ""origen"": ""0"", ""prod"": ""817""}"
4fd42ff5-1667-423f-ba1b-8f637e690a3a,Heno de alfalfa,817,Alfalfa pacas,proxy,La presentacion 'Alfalfa pacas' es la mas cercana al heno comercial para corral.,Nuevo León,Alfalfa pacas,2024-05-31,2024,5,10875.0,10.875,10750.0,11000.0,-,MX-SNIIM-NUEVO_LEON,,True,http://www.economia-sniim.gob.mx/SNIIM-Pecuarios-Nacionales/SelIng.asp,http://www.economia-sniim.gob.mx/SNIIM-Pecuarios-Nacionales/e_Ing.asp,"{""RegPag"": ""1000"", ""anio"": ""2024"", ""mes"": ""05"", ""origen"": ""0"", ""prod"": ""817""}"
4fd42ff5-1667-423f-ba1b-8f637e690a3a,Heno de alfalfa,817,Alfalfa pacas,proxy,La presentacion 'Alfalfa pacas' es la mas cercana al heno comercial para corral.,Jalisco,Alfalfa pacas,2024-06-30,2024,6,6200.0,6.2,6200.0,6200.0,-,MX-SNIIM-JALISCO,,True,http://www.economia-sniim.gob.mx/SNIIM-Pecuarios-Nacionales/SelIng.asp,http://www.economia-sniim.gob.mx/SNIIM-Pecuarios-Nacionales/e_Ing.asp,"{""RegPag"": ""1000"", ""anio"": ""2024"", ""mes"": ""06"", ""origen"": ""0"", ""prod"": ""817""}"
4fd42ff5-1667-423f-ba1b-8f637e690a3a,Heno de alfalfa,817,Alfalfa pacas,proxy,La presentacion 'Alfalfa pacas' es la mas cercana al heno comercial para corral.,Nuevo León,Alfalfa pacas,2024-06-30,2024,6,11250.0,11.25,11000.0,11500.0,-,MX-SNIIM-NUEVO_LEON,,True,http://www.economia-sniim.gob.mx/SNIIM-Pecuarios-Nacionales/SelIng.asp,http://www.economia-sniim.gob.mx/SNIIM-Pecuarios-Nacionales/e_Ing.asp,"{""RegPag"": ""1000"", ""anio"": ""2024"", ""mes"": ""06"", ""origen"": ""0"", ""prod"": ""817""}"
4fd42ff5-1667-423f-ba1b-8f637e690a3a,Heno de alfalfa,817,Alfalfa pacas,proxy,La presentacion 'Alfalfa pacas' es la mas cercana al heno comercial para corral.,Jalisco,Alfalfa pacas,2024-07-31,2024,7,6200.0,6.2,6200.0,6200.0,-,MX-SNIIM-JALISCO,,True,http://www.economia-sniim.gob.mx/SNIIM-Pecuarios-Nacionales/SelIng.asp,http://www.economia-sniim.gob.mx/SNIIM-Pecuarios-Nacionales/e_Ing.asp,"{""RegPag"": ""1000"", ""anio"": ""2024"", ""mes"": ""07"", ""origen"": ""0"", ""prod"": ""817""}"
4fd42ff5-1667-423f-ba1b-8f637e690a3a,Heno de alfalfa,817,Alfalfa pacas,proxy,La presentacion 'Alfalfa pacas' es la mas cercana al heno comercial para corral.,Nuevo León,Alfalfa pacas,2024-07-31,2024,7,11250.0,11.25,11000.0,11500.0,-,MX-SNIIM-NUEVO_LEON,,True,http://www.economia-sniim.gob.mx/SNIIM-Pecuarios-Nacionales/SelIng.asp,http://www.economia-sniim.gob.mx/SNIIM-Pecuarios-Nacionales/e_Ing.asp,"{""RegPag"": ""1000"", ""anio"": ""2024"", ""mes"": ""07"", ""origen"": ""0"", ""prod"": ""817""}"
4fd42ff5-1667-423f-ba1b-8f637e690a3a,Heno de alfalfa,817,Alfalfa pacas,proxy,La presentacion 'Alfalfa pacas' es la mas cercana al heno comercial para corral.,Jalisco,Alfalfa pacas,2024-08-31,2024,8,6200.0,6.2,6200.0,6200.0,-,MX-SNIIM-JALISCO,,True,http://www.economia-sniim.gob.mx/SNIIM-Pecuarios-Nacionales/SelIng.asp,http://www.economia-sniim.gob.mx/SNIIM-Pecuarios-Nacionales/e_Ing.asp,"{""RegPag"": ""1000"", ""anio"": ""2024"", ""mes"": ""08"", ""origen"": ""0"", ""prod"": ""817""}"
4fd42ff5-1667-423f-ba1b-8f637e690a3a,Heno de alfalfa,817,Alfalfa pacas,proxy,La presentacion 'Alfalfa pacas' es la mas cercana al heno comercial para corral.,Jalisco,Alfalfa pacas,2024-09-30,2024,9,6200.0,6.2,6200.0,6200.0,-,MX-SNIIM-JALISCO,,True,http://www.economia-sniim.gob.mx/SNIIM-Pecuarios-Nacionales/SelIng.asp,http://www.economia-sniim.gob.mx/SNIIM-Pecuarios-Nacionales/e_Ing.asp,"{""RegPag"": ""1000"", ""anio"": ""2024"", ""mes"": ""09"", ""origen"": ""0"", ""prod"": ""817""}"
4fd42ff5-1667-423f-ba1b-8f637e690a3a,Heno de alfalfa,817,Alfalfa pacas,proxy,La presentacion 'Alfalfa pacas' es la mas cercana al heno comercial para corral.,Nuevo León,Alfalfa pacas,2024-09-30,2024,9,9000.0,9.0,9000.0,9000.0,-,MX-SNIIM-NUEVO_LEON,,True,http://www.economia-sniim.gob.mx/SNIIM-Pecuarios-Nacionales/SelIng.asp,http://www.economia-sniim.gob.mx/SNIIM-Pecuarios-Nacionales/e_Ing.asp,"{""RegPag"": ""1000"", ""anio"": ""2024"", ""mes"": ""09"", ""origen"": ""0"", ""prod"": ""817""}"
4fd42ff5-1667-423f-ba1b-8f637e690a3a,Heno de alfalfa,817,Alfalfa pacas,proxy,La presentacion 'Alfalfa pacas' es la mas cercana al heno comercial para corral.,Jalisco,Alfalfa pacas,2024-10-31,2024,10,6200.0,6.2,6200.0,6200.0,-,MX-SNIIM-JALISCO,,True,http://www.economia-sniim.gob.mx/SNIIM-Pecuarios-Nacionales/SelIng.asp,http://www.economia-sniim.gob.mx/SNIIM-Pecuarios-Nacionales/e_Ing.asp,"{""RegPag"": ""1000"", ""anio"": ""2024"", ""mes"": ""10"", ""origen"": ""0"", ""prod"": ""817""}"
4fd42ff5-1667-423f-ba1b-8f637e690a3a,Heno de alfalfa,817,Alfalfa pacas,proxy,La presentacion 'Alfalfa pacas' es la mas cercana al heno comercial para corral.,Nuevo León,Alfalfa pacas,2024-10-31,2024,10,8875.0,8.875,8750.0,9000.0,-,MX-SNIIM-NUEVO_LEON,,True,http://www.economia-sniim.gob.mx/SNIIM-Pecuarios-Nacionales/SelIng.asp,http://www.economia-sniim.gob.mx/SNIIM-Pecuarios-Nacionales/e_Ing.asp,"{""RegPag"": ""1000"", ""anio"": ""2024"", ""mes"": ""10"", ""origen"": ""0"", ""prod"": ""817""}"
4fd42ff5-1667-423f-ba1b-8f637e690a3a,Heno de alfalfa,817,Alfalfa pacas,proxy,La presentacion 'Alfalfa pacas' es la mas cercana al heno comercial para corral.,Jalisco,Alfalfa pacas,2024-11-30,2024,11,6300.0,6.3,6300.0,6300.0,-,MX-SNIIM-JALISCO,,True,http://www.economia-sniim.gob.mx/SNIIM-Pecuarios-Nacionales/SelIng.asp,http://www.economia-sniim.gob.mx/SNIIM-Pecuarios-Nacionales/e_Ing.asp,"{""RegPag"": ""1000"", ""anio"": ""2024"", ""mes"": ""11"", ""origen"": ""0"", ""prod"": ""817""}"
4fd42ff5-1667-423f-ba1b-8f637e690a3a,Heno de alfalfa,817,Alfalfa pacas,proxy,La presentacion 'Alfalfa pacas' es la mas cercana al heno comercial para corral.,Nuevo León,Alfalfa pacas,2024-11-30,2024,11,8800.0,8.8,8600.0,9000.0,-,MX-SNIIM-NUEVO_LEON,,True,http://www.economia-sniim.gob.mx/SNIIM-Pecuarios-Nacionales/SelIng.asp,http://www.economia-sniim.gob.mx/SNIIM-Pecuarios-Nacionales/e_Ing.asp,"{""RegPag"": ""1000"", ""anio"": ""2024"", ""mes"": ""11"", ""origen"": ""0"", ""prod"": ""817""}"
4fd42ff5-1667-423f-ba1b-8f637e690a3a,Heno de alfalfa,817,Alfalfa pacas,proxy,La presentacion 'Alfalfa pacas' es la mas cercana al heno comercial para corral.,Jalisco,Alfalfa pacas,2024-12-31,2024,12,6300.0,6.3,6300.0,6300.0,-,MX-SNIIM-JALISCO,,True,http://www.economia-sniim.gob.mx/SNIIM-Pecuarios-Nacionales/SelIng.asp,http://www.economia-sniim.gob.mx/SNIIM-Pecuarios-Nacionales/e_Ing.asp,"{""RegPag"": ""1000"", ""anio"": ""2024"", ""mes"": ""12"", ""origen"": ""0"", ""prod"": ""817""}"
4fd42ff5-1667-423f-ba1b-8f637e690a3a,Heno de alfalfa,817,Alfalfa pacas,proxy,La presentacion 'Alfalfa pacas' es la mas cercana al heno comercial para corral.,Nuevo León,Alfalfa pacas,2024-12-31,2024,12,8800.0,8.8,8600.0,9000.0,-,MX-SNIIM-NUEVO_LEON,,True,http://www.economia-sniim.gob.mx/SNIIM-Pecuarios-Nacionales/SelIng.asp,http://www.economia-sniim.gob.mx/SNIIM-Pecuarios-Nacionales/e_Ing.asp,"{""RegPag"": ""1000"", ""anio"": ""2024"", ""mes"": ""12"", ""origen"": ""0"", ""prod"": ""817""}"
4fd42ff5-1667-423f-ba1b-8f637e690a3a,Heno de alfalfa,817,Alfalfa pacas,proxy,La presentacion 'Alfalfa pacas' es la mas cercana al heno comercial para corral.,Jalisco,Alfalfa pacas,2025-01-31,2025,1,6300.0,6.3,6300.0,6300.0,-,MX-SNIIM-JALISCO,,True,http://www.economia-sniim.gob.mx/SNIIM-Pecuarios-Nacionales/SelIng.asp,http://www.economia-sniim.gob.mx/SNIIM-Pecuarios-Nacionales/e_Ing.asp,"{""RegPag"": ""1000"", ""anio"": ""2025"", ""mes"": ""01"", ""origen"": ""0"", ""prod"": ""817""}"
4fd42ff5-1667-423f-ba1b-8f637e690a3a,Heno de alfalfa,817,Alfalfa pacas,proxy,La presentacion 'Alfalfa pacas' es la mas cercana al heno comercial para corral.,Nuevo León,Alfalfa pacas,2025-01-31,2025,1,8875.0,8.875,8250.0,9500.0,-,MX-SNIIM-NUEVO_LEON,,True,http://www.economia-sniim.gob.mx/SNIIM-Pecuarios-Nacionales/SelIng.asp,http://www.economia-sniim.gob.mx/SNIIM-Pecuarios-Nacionales/e_Ing.asp,"{""RegPag"": ""1000"", ""anio"": ""2025"", ""mes"": ""01"", ""origen"": ""0"", ""prod"": ""817""}"
4fd42ff5-1667-423f-ba1b-8f637e690a3a,Heno de alfalfa,817,Alfalfa pacas,proxy,La presentacion 'Alfalfa pacas' es la mas cercana al heno comercial para corral.,Jalisco,Alfalfa pacas,2025-02-28,2025,2,6300.0,6.3,6300.0,6300.0,-,MX-SNIIM-JALISCO,,True,http://www.economia-sniim.gob.mx/SNIIM-Pecuarios-Nacionales/SelIng.asp,http://www.economia-sniim.gob.mx/SNIIM-Pecuarios-Nacionales/e_Ing.asp,"{""RegPag"": ""1000"", ""anio"": ""2025"", ""mes"": ""02"", ""origen"": ""0"", ""prod"": ""817""}"
4fd42ff5-1667-423f-ba1b-8f637e690a3a,Heno de alfalfa,817,Alfalfa pacas,proxy,La presentacion 'Alfalfa pacas' es la mas cercana al heno comercial para corral.,Nuevo León,Alfalfa pacas,2025-02-28,2025,2,9000.0,9.0,8500.0,9500.0,-,MX-SNIIM-NUEVO_LEON,,True,http://www.economia-sniim.gob.mx/SNIIM-Pecuarios-Nacionales/SelIng.asp,http://www.economia-sniim.gob.mx/SNIIM-Pecuarios-Nacionales/e_Ing.asp,"{""RegPag"": ""1000"", ""anio"": ""2025"", ""mes"": ""02"", ""origen"": ""0"", ""prod"": ""817""}"
4fd42ff5-1667-423f-ba1b-8f637e690a3a,Heno de alfalfa,817,Alfalfa pacas,proxy,La presentacion 'Alfalfa pacas' es la mas cercana al heno comercial para corral.,Jalisco,Alfalfa pacas,2025-03-31,2025,3,6300.0,6.3,6300.0,6300.0,-,MX-SNIIM-JALISCO,,True,http://www.economia-sniim.gob.mx/SNIIM-Pecuarios-Nacionales/SelIng.asp,http://www.economia-sniim.gob.mx/SNIIM-Pecuarios-Nacionales/e_Ing.asp,"{""RegPag"": ""1000"", ""anio"": ""2025"", ""mes"": ""03"", ""origen"": ""0"", ""prod"": ""817""}"
4fd42ff5-1667-423f-ba1b-8f637e690a3a,Heno de alfalfa,817,Alfalfa pacas,proxy,La presentacion 'Alfalfa pacas' es la mas cercana al heno comercial para corral.,Nuevo León,Alfalfa pacas,2025-03-31,2025,3,9000.0,9.0,8500.0,9500.0,-,MX-SNIIM-NUEVO_LEON,,True,http://www.economia-sniim.gob.mx/SNIIM-Pecuarios-Nacionales/SelIng.asp,http://www.economia-sniim.gob.mx/SNIIM-Pecuarios-Nacionales/e_Ing.asp,"{""RegPag"": ""1000"", ""anio"": ""2025"", ""mes"": ""03"", ""origen"": ""0"", ""prod"": ""817""}"
4fd42ff5-1667-423f-ba1b-8f637e690a3a,Heno de alfalfa,817,Alfalfa pacas,proxy,La presentacion 'Alfalfa pacas' es la mas cercana al heno comercial para corral.,Jalisco,Alfalfa pacas,2025-04-30,2025,4,6250.0,6.25,6250.0,6250.0,-,MX-SNIIM-JALISCO,,True,http://www.economia-sniim.gob.mx/SNIIM-Pecuarios-Nacionales/SelIng.asp,http://www.economia-sniim.gob.mx/SNIIM-Pecuarios-Nacionales/e_Ing.asp,"{""RegPag"": ""1000"", ""anio"": ""2025"", ""mes"": ""04"", ""origen"": ""0"", ""prod"": ""817""}"
4fd42ff5-1667-423f-ba1b-8f637e690a3a,Heno de alfalfa,817,Alfalfa pacas,proxy,La presentacion 'Alfalfa pacas' es la mas cercana al heno comercial para corral.,Nuevo León,Alfalfa pacas,2025-04-30,2025,4,9000.0,9.0,8500.0,9500.0,-,MX-SNIIM-NUEVO_LEON,,True,http://www.economia-sniim.gob.mx/SNIIM-Pecuarios-Nacionales/SelIng.asp,http://www.economia-sniim.gob.mx/SNIIM-Pecuarios-Nacionales/e_Ing.asp,"{""RegPag"": ""1000"", ""anio"": ""2025"", ""mes"": ""04"", ""origen"": ""0"", ""prod"": ""817""}"
4fd42ff5-1667-423f-ba1b-8f637e690a3a,Heno de alfalfa,817,Alfalfa pacas,proxy,La presentacion 'Alfalfa pacas' es la mas cercana al heno comercial para corral.,Nuevo León,Alfalfa pacas,2025-05-31,2025,5,9125.0,9.125,8500.0,9750.0,-,MX-SNIIM-NUEVO_LEON,,True,http://www.economia-sniim.gob.mx/SNIIM-Pecuarios-Nacionales/SelIng.asp,http://www.economia-sniim.gob.mx/SNIIM-Pecuarios-Nacionales/e_Ing.asp,"{""RegPag"": ""1000"", ""anio"": ""2025"", ""mes"": ""05"", ""origen"": ""0"", ""prod"": ""817""}"
4fd42ff5-1667-423f-ba1b-8f637e690a3a,Heno de alfalfa,817,Alfalfa pacas,proxy,La presentacion 'Alfalfa pacas' es la mas cercana al heno comercial para corral.,Jalisco,Alfalfa pacas,2025-06-30,2025,6,5900.0,5.9,5900.0,5900.0,-,MX-SNIIM-JALISCO,,True,http://www.economia-sniim.gob.mx/SNIIM-Pecuarios-Nacionales/SelIng.asp,http://www.economia-sniim.gob.mx/SNIIM-Pecuarios-Nacionales/e_Ing.asp,"{""RegPag"": ""1000"", ""anio"": ""2025"", ""mes"": ""06"", ""origen"": ""0"", ""prod"": ""817""}"
4fd42ff5-1667-423f-ba1b-8f637e690a3a,Heno de alfalfa,817,Alfalfa pacas,proxy,La presentacion 'Alfalfa pacas' es la mas cercana al heno comercial para corral.,Jalisco,Alfalfa pacas,2025-06-30,2025,6,5900.0,5.9,5900.0,5900.0,-,MX-SNIIM-JALISCO,,True,http://www.economia-sniim.gob.mx/SNIIM-Pecuarios-Nacionales/SelIng.asp,http://www.economia-sniim.gob.mx/SNIIM-Pecuarios-Nacionales/e_Ing.asp,"{""RegPag"": ""1000"", ""anio"": ""2025"", ""mes"": ""06"", ""origen"": ""0"", ""prod"": ""817""}"
4fd42ff5-1667-423f-ba1b-8f637e690a3a,Heno de alfalfa,817,Alfalfa pacas,proxy,La presentacion 'Alfalfa pacas' es la mas cercana al heno comercial para corral.,Nuevo León,Alfalfa pacas,2025-06-30,2025,6,9125.0,9.125,8500.0,9750.0,-,MX-SNIIM-NUEVO_LEON,,True,http://www.economia-sniim.gob.mx/SNIIM-Pecuarios-Nacionales/SelIng.asp,http://www.economia-sniim.gob.mx/SNIIM-Pecuarios-Nacionales/e_Ing.asp,"{""RegPag"": ""1000"", ""anio"": ""2025"", ""mes"": ""06"", ""origen"": ""0"", ""prod"": ""817""}"
4fd42ff5-1667-423f-ba1b-8f637e690a3a,Heno de alfalfa,817,Alfalfa pacas,proxy,La presentacion 'Alfalfa pacas' es la mas cercana al heno comercial para corral.,Jalisco,Alfalfa pacas,2025-07-31,2025,7,5900.0,5.9,5900.0,5900.0,-,MX-SNIIM-JALISCO,,True,http://www.economia-sniim.gob.mx/SNIIM-Pecuarios-Nacionales/SelIng.asp,http://www.economia-sniim.gob.mx/SNIIM-Pecuarios-Nacionales/e_Ing.asp,"{""RegPag"": ""1000"", ""anio"": ""2025"", ""mes"": ""07"", ""origen"": ""0"", ""prod"": ""817""}"
4fd42ff5-1667-423f-ba1b-8f637e690a3a,Heno de alfalfa,817,Alfalfa pacas,proxy,La presentacion 'Alfalfa pacas' es la mas cercana al heno comercial para corral.,Nuevo León,Alfalfa pacas,2025-07-31,2025,7,9125.0,9.125,8500.0,9750.0,-,MX-SNIIM-NUEVO_LEON,,True,http://www.economia-sniim.gob.mx/SNIIM-Pecuarios-Nacionales/SelIng.asp,http://www.economia-sniim.gob.mx/SNIIM-Pecuarios-Nacionales/e_Ing.asp,"{""RegPag"": ""1000"", ""anio"": ""2025"", ""mes"": ""07"", ""origen"": ""0"", ""prod"": ""817""}"
4fd42ff5-1667-423f-ba1b-8f637e690a3a,Heno de alfalfa,817,Alfalfa pacas,proxy,La presentacion 'Alfalfa pacas' es la mas cercana al heno comercial para corral.,Jalisco,Alfalfa pacas,2025-08-31,2025,8,5900.0,5.9,5900.0,5900.0,-,MX-SNIIM-JALISCO,,True,http://www.economia-sniim.gob.mx/SNIIM-Pecuarios-Nacionales/SelIng.asp,http://www.economia-sniim.gob.mx/SNIIM-Pecuarios-Nacionales/e_Ing.asp,"{""RegPag"": ""1000"", ""anio"": ""2025"", ""mes"": ""08"", ""origen"": ""0"", ""prod"": ""817""}"
4fd42ff5-1667-423f-ba1b-8f637e690a3a,Heno de alfalfa,817,Alfalfa pacas,proxy,La presentacion 'Alfalfa pacas' es la mas cercana al heno comercial para corral.,Nuevo León,Alfalfa pacas,2025-08-31,2025,8,9000.0,9.0,8250.0,9750.0,-,MX-SNIIM-NUEVO_LEON,,True,http://www.economia-sniim.gob.mx/SNIIM-Pecuarios-Nacionales/SelIng.asp,http://www.economia-sniim.gob.mx/SNIIM-Pecuarios-Nacionales/e_Ing.asp,"{""RegPag"": ""1000"", ""anio"": ""2025"", ""mes"": ""08"", ""origen"": ""0"", ""prod"": ""817""}"
4fd42ff5-1667-423f-ba1b-8f637e690a3a,Heno de alfalfa,817,Alfalfa pacas,proxy,La presentacion 'Alfalfa pacas' es la mas cercana al heno comercial para corral.,Jalisco,Alfalfa pacas,2025-09-30,2025,9,5900.0,5.9,5900.0,5900.0,-,MX-SNIIM-JALISCO,,True,http://www.economia-sniim.gob.mx/SNIIM-Pecuarios-Nacionales/SelIng.asp,http://www.economia-sniim.gob.mx/SNIIM-Pecuarios-Nacionales/e_Ing.asp,"{""RegPag"": ""1000"", ""anio"": ""2025"", ""mes"": ""09"", ""origen"": ""0"", ""prod"": ""817""}"
4fd42ff5-1667-423f-ba1b-8f637e690a3a,Heno de alfalfa,817,Alfalfa pacas,proxy,La presentacion 'Alfalfa pacas' es la mas cercana al heno comercial para corral.,Nuevo León,Alfalfa pacas,2025-09-30,2025,9,9000.0,9.0,8250.0,9750.0,-,MX-SNIIM-NUEVO_LEON,,True,http://www.economia-sniim.gob.mx/SNIIM-Pecuarios-Nacionales/SelIng.asp,http://www.economia-sniim.gob.mx/SNIIM-Pecuarios-Nacionales/e_Ing.asp,"{""RegPag"": ""1000"", ""anio"": ""2025"", ""mes"": ""09"", ""origen"": ""0"", ""prod"": ""817""}"
4fd42ff5-1667-423f-ba1b-8f637e690a3a,Heno de alfalfa,817,Alfalfa pacas,proxy,La presentacion 'Alfalfa pacas' es la mas cercana al heno comercial para corral.,Jalisco,Alfalfa pacas,2025-10-31,2025,10,5900.0,5.9,5900.0,5900.0,-,MX-SNIIM-JALISCO,,True,http://www.economia-sniim.gob.mx/SNIIM-Pecuarios-Nacionales/SelIng.asp,http://www.economia-sniim.gob.mx/SNIIM-Pecuarios-Nacionales/e_Ing.asp,"{""RegPag"": ""1000"", ""anio"": ""2025"", ""mes"": ""10"", ""origen"": ""0"", ""prod"": ""817""}"
4fd42ff5-1667-423f-ba1b-8f637e690a3a,Heno de alfalfa,817,Alfalfa pacas,proxy,La presentacion 'Alfalfa pacas' es la mas cercana al heno comercial para corral.,Nuevo León,Alfalfa pacas,2025-10-31,2025,10,9000.0,9.0,8250.0,9750.0,-,MX-SNIIM-NUEVO_LEON,,True,http://www.economia-sniim.gob.mx/SNIIM-Pecuarios-Nacionales/SelIng.asp,http://www.economia-sniim.gob.mx/SNIIM-Pecuarios-Nacionales/e_Ing.asp,"{""RegPag"": ""1000"", ""anio"": ""2025"", ""mes"": ""10"", ""origen"": ""0"", ""prod"": ""817""}"
4fd42ff5-1667-423f-ba1b-8f637e690a3a,Heno de alfalfa,817,Alfalfa pacas,proxy,La presentacion 'Alfalfa pacas' es la mas cercana al heno comercial para corral.,Jalisco,Alfalfa pacas,2025-11-30,2025,11,5900.0,5.9,5900.0,5900.0,-,MX-SNIIM-JALISCO,,True,http://www.economia-sniim.gob.mx/SNIIM-Pecuarios-Nacionales/SelIng.asp,http://www.economia-sniim.gob.mx/SNIIM-Pecuarios-Nacionales/e_Ing.asp,"{""RegPag"": ""1000"", ""anio"": ""2025"", ""mes"": ""11"", ""origen"": ""0"", ""prod"": ""817""}"
4fd42ff5-1667-423f-ba1b-8f637e690a3a,Heno de alfalfa,817,Alfalfa pacas,proxy,La presentacion 'Alfalfa pacas' es la mas cercana al heno comercial para corral.,Nuevo León,Alfalfa pacas,2025-11-30,2025,11,8875.0,8.875,7750.0,10000.0,-,MX-SNIIM-NUEVO_LEON,,True,http://www.economia-sniim.gob.mx/SNIIM-Pecuarios-Nacionales/SelIng.asp,http://www.economia-sniim.gob.mx/SNIIM-Pecuarios-Nacionales/e_Ing.asp,"{""RegPag"": ""1000"", ""anio"": ""2025"", ""mes"": ""11"", ""origen"": ""0"", ""prod"": ""817""}"
4fd42ff5-1667-423f-ba1b-8f637e690a3a,Heno de alfalfa,817,Alfalfa pacas,proxy,La presentacion 'Alfalfa pacas' es la mas cercana al heno comercial para corral.,Jalisco,Alfalfa pacas,2025-12-31,2025,12,5900.0,5.9,5900.0,5900.0,-,MX-SNIIM-JALISCO,,True,http://www.economia-sniim.gob.mx/SNIIM-Pecuarios-Nacionales/SelIng.asp,http://www.economia-sniim.gob.mx/SNIIM-Pecuarios-Nacionales/e_Ing.asp,"{""RegPag"": ""1000"", ""anio"": ""2025"", ""mes"": ""12"", ""origen"": ""0"", ""prod"": ""817""}"
4fd42ff5-1667-423f-ba1b-8f637e690a3a,Heno de alfalfa,817,Alfalfa pacas,proxy,La presentacion 'Alfalfa pacas' es la mas cercana al heno comercial para corral.,Nuevo León,Alfalfa pacas,2025-12-31,2025,12,8875.0,8.875,7750.0,10000.0,-,MX-SNIIM-NUEVO_LEON,,True,http://www.economia-sniim.gob.mx/SNIIM-Pecuarios-Nacionales/SelIng.asp,http://www.economia-sniim.gob.mx/SNIIM-Pecuarios-Nacionales/e_Ing.asp,"{""RegPag"": ""1000"", ""anio"": ""2025"", ""mes"": ""12"", ""origen"": ""0"", ""prod"": ""817""}"
4fd42ff5-1667-423f-ba1b-8f637e690a3a,Heno de alfalfa,817,Alfalfa pacas,proxy,La presentacion 'Alfalfa pacas' es la mas cercana al heno comercial para corral.,Jalisco,Alfalfa pacas,2026-01-31,2026,1,5900.0,5.9,5900.0,5900.0,-,MX-SNIIM-JALISCO,,True,http://www.economia-sniim.gob.mx/SNIIM-Pecuarios-Nacionales/SelIng.asp,http://www.economia-sniim.gob.mx/SNIIM-Pecuarios-Nacionales/e_Ing.asp,"{""RegPag"": ""1000"", ""anio"": ""2026"", ""mes"": ""01"", ""origen"": ""0"", ""prod"": ""817""}"
4fd42ff5-1667-423f-ba1b-8f637e690a3a,Heno de alfalfa,817,Alfalfa pacas,proxy,La presentacion 'Alfalfa pacas' es la mas cercana al heno comercial para corral.,Nuevo León,Alfalfa pacas,2026-01-31,2026,1,9375.0,9.375,9000.0,9750.0,-,MX-SNIIM-NUEVO_LEON,,True,http://www.economia-sniim.gob.mx/SNIIM-Pecuarios-Nacionales/SelIng.asp,http://www.economia-sniim.gob.mx/SNIIM-Pecuarios-Nacionales/e_Ing.asp,"{""RegPag"": ""1000"", ""anio"": ""2026"", ""mes"": ""01"", ""origen"": ""0"", ""prod"": ""817""}"
4fd42ff5-1667-423f-ba1b-8f637e690a3a,Heno de alfalfa,817,Alfalfa pacas,proxy,La presentacion 'Alfalfa pacas' es la mas cercana al heno comercial para corral.,Jalisco,Alfalfa pacas,2026-02-28,2026,2,5900.0,5.9,5900.0,5900.0,-,MX-SNIIM-JALISCO,,True,http://www.economia-sniim.gob.mx/SNIIM-Pecuarios-Nacionales/SelIng.asp,http://www.economia-sniim.gob.mx/SNIIM-Pecuarios-Nacionales/e_Ing.asp,"{""RegPag"": ""1000"", ""anio"": ""2026"", ""mes"": ""02"", ""origen"": ""0"", ""prod"": ""817""}"
4fd42ff5-1667-423f-ba1b-8f637e690a3a,Heno de alfalfa,817,Alfalfa pacas,proxy,La presentacion 'Alfalfa pacas' es la mas cercana al heno comercial para corral.,Nuevo León,Alfalfa pacas,2026-02-28,2026,2,9375.0,9.375,9000.0,9750.0,-,MX-SNIIM-NUEVO_LEON,,True,http://www.economia-sniim.gob.mx/SNIIM-Pecuarios-Nacionales/SelIng.asp,http://www.economia-sniim.gob.mx/SNIIM-Pecuarios-Nacionales/e_Ing.asp,"{""RegPag"": ""1000"", ""anio"": ""2026"", ""mes"": ""02"", ""origen"": ""0"", ""prod"": ""817""}"
8e8a0c22-95d4-4f70-a01a-00ed062921c2,Maiz molido,804,Maiz amarillo,proxy,SNIIM no publica 'Maiz molido' como tal; se usa 'Maiz amarillo' como proxy del grano energetico base.,Jalisco,Maiz amarillo,2024-01-31,2024,1,5300.0,5.3,5300.0,5300.0,-,MX-SNIIM-JALISCO,,True,http://www.economia-sniim.gob.mx/SNIIM-Pecuarios-Nacionales/SelIng.asp,http://www.economia-sniim.gob.mx/SNIIM-Pecuarios-Nacionales/e_Ing.asp,"{""RegPag"": ""1000"", ""anio"": ""2024"", ""mes"": ""01"", ""origen"": ""0"", ""prod"": ""804""}"
8e8a0c22-95d4-4f70-a01a-00ed062921c2,Maiz molido,804,Maiz amarillo,proxy,SNIIM no publica 'Maiz molido' como tal; se usa 'Maiz amarillo' como proxy del grano energetico base.,Nuevo León,Maiz amarillo,2024-01-31,2024,1,6750.0,6.75,6750.0,6750.0,-,MX-SNIIM-NUEVO_LEON,,True,http://www.economia-sniim.gob.mx/SNIIM-Pecuarios-Nacionales/SelIng.asp,http://www.economia-sniim.gob.mx/SNIIM-Pecuarios-Nacionales/e_Ing.asp,"{""RegPag"": ""1000"", ""anio"": ""2024"", ""mes"": ""01"", ""origen"": ""0"", ""prod"": ""804""}"
8e8a0c22-95d4-4f70-a01a-00ed062921c2,Maiz molido,804,Maiz amarillo,proxy,SNIIM no publica 'Maiz molido' como tal; se usa 'Maiz amarillo' como proxy del grano energetico base.,Jalisco,Maiz amarillo,2024-02-29,2024,2,5000.0,5.0,5000.0,5000.0,-,MX-SNIIM-JALISCO,,True,http://www.economia-sniim.gob.mx/SNIIM-Pecuarios-Nacionales/SelIng.asp,http://www.economia-sniim.gob.mx/SNIIM-Pecuarios-Nacionales/e_Ing.asp,"{""RegPag"": ""1000"", ""anio"": ""2024"", ""mes"": ""02"", ""origen"": ""0"", ""prod"": ""804""}"
8e8a0c22-95d4-4f70-a01a-00ed062921c2,Maiz molido,804,Maiz amarillo,proxy,SNIIM no publica 'Maiz molido' como tal; se usa 'Maiz amarillo' como proxy del grano energetico base.,Nuevo León,Maiz amarillo,2024-02-29,2024,2,6750.0,6.75,6750.0,6750.0,-,MX-SNIIM-NUEVO_LEON,,True,http://www.economia-sniim.gob.mx/SNIIM-Pecuarios-Nacionales/SelIng.asp,http://www.economia-sniim.gob.mx/SNIIM-Pecuarios-Nacionales/e_Ing.asp,"{""RegPag"": ""1000"", ""anio"": ""2024"", ""mes"": ""02"", ""origen"": ""0"", ""prod"": ""804""}"
8e8a0c22-95d4-4f70-a01a-00ed062921c2,Maiz molido,804,Maiz amarillo,proxy,SNIIM no publica 'Maiz molido' como tal; se usa 'Maiz amarillo' como proxy del grano energetico base.,Jalisco,Maiz amarillo,2024-03-31,2024,3,5250.0,5.25,5250.0,5250.0,-,MX-SNIIM-JALISCO,,True,http://www.economia-sniim.gob.mx/SNIIM-Pecuarios-Nacionales/SelIng.asp,http://www.economia-sniim.gob.mx/SNIIM-Pecuarios-Nacionales/e_Ing.asp,"{""RegPag"": ""1000"", ""anio"": ""2024"", ""mes"": ""03"", ""origen"": ""0"", ""prod"": ""804""}"
8e8a0c22-95d4-4f70-a01a-00ed062921c2,Maiz molido,804,Maiz amarillo,proxy,SNIIM no publica 'Maiz molido' como tal; se usa 'Maiz amarillo' como proxy del grano energetico base.,Nuevo León,Maiz amarillo,2024-03-31,2024,3,6380.0,6.38,6200.0,6560.0,-,MX-SNIIM-NUEVO_LEON,,True,http://www.economia-sniim.gob.mx/SNIIM-Pecuarios-Nacionales/SelIng.asp,http://www.economia-sniim.gob.mx/SNIIM-Pecuarios-Nacionales/e_Ing.asp,"{""RegPag"": ""1000"", ""anio"": ""2024"", ""mes"": ""03"", ""origen"": ""0"", ""prod"": ""804""}"
8e8a0c22-95d4-4f70-a01a-00ed062921c2,Maiz molido,804,Maiz amarillo,proxy,SNIIM no publica 'Maiz molido' como tal; se usa 'Maiz amarillo' como proxy del grano energetico base.,Jalisco,Maiz amarillo,2024-04-30,2024,4,5100.0,5.1,5100.0,5100.0,-,MX-SNIIM-JALISCO,,True,http://www.economia-sniim.gob.mx/SNIIM-Pecuarios-Nacionales/SelIng.asp,http://www.economia-sniim.gob.mx/SNIIM-Pecuarios-Nacionales/e_Ing.asp,"{""RegPag"": ""1000"", ""anio"": ""2024"", ""mes"": ""04"", ""origen"": ""0"", ""prod"": ""804""}"
8e8a0c22-95d4-4f70-a01a-00ed062921c2,Maiz molido,804,Maiz amarillo,proxy,SNIIM no publica 'Maiz molido' como tal; se usa 'Maiz amarillo' como proxy del grano energetico base.,Nuevo León,Maiz amarillo,2024-04-30,2024,4,6380.0,6.38,6180.0,6580.0,-,MX-SNIIM-NUEVO_LEON,,True,http://www.economia-sniim.gob.mx/SNIIM-Pecuarios-Nacionales/SelIng.asp,http://www.economia-sniim.gob.mx/SNIIM-Pecuarios-Nacionales/e_Ing.asp,"{""RegPag"": ""1000"", ""anio"": ""2024"", ""mes"": ""04"", ""origen"": ""0"", ""prod"": ""804""}"
8e8a0c22-95d4-4f70-a01a-00ed062921c2,Maiz molido,804,Maiz amarillo,proxy,SNIIM no publica 'Maiz molido' como tal; se usa 'Maiz amarillo' como proxy del grano energetico base.,Jalisco,Maiz amarillo,2024-05-31,2024,5,5150.0,5.15,5150.0,5150.0,-,MX-SNIIM-JALISCO,,True,http://www.economia-sniim.gob.mx/SNIIM-Pecuarios-Nacionales/SelIng.asp,http://www.economia-sniim.gob.mx/SNIIM-Pecuarios-Nacionales/e_Ing.asp,"{""RegPag"": ""1000"", ""anio"": ""2024"", ""mes"": ""05"", ""origen"": ""0"", ""prod"": ""804""}"
8e8a0c22-95d4-4f70-a01a-00ed062921c2,Maiz molido,804,Maiz amarillo,proxy,SNIIM no publica 'Maiz molido' como tal; se usa 'Maiz amarillo' como proxy del grano energetico base.,Nuevo León,Maiz amarillo,2024-05-31,2024,5,5950.0,5.95,5800.0,6100.0,-,MX-SNIIM-NUEVO_LEON,,True,http://www.economia-sniim.gob.mx/SNIIM-Pecuarios-Nacionales/SelIng.asp,http://www.economia-sniim.gob.mx/SNIIM-Pecuarios-Nacionales/e_Ing.asp,"{""RegPag"": ""1000"", ""anio"": ""2024"", ""mes"": ""05"", ""origen"": ""0"", ""prod"": ""804""}"
8e8a0c22-95d4-4f70-a01a-00ed062921c2,Maiz molido,804,Maiz amarillo,proxy,SNIIM no publica 'Maiz molido' como tal; se usa 'Maiz amarillo' como proxy del grano energetico base.,Jalisco,Maiz amarillo,2024-06-30,2024,6,5450.0,5.45,5450.0,5450.0,-,MX-SNIIM-JALISCO,,True,http://www.economia-sniim.gob.mx/SNIIM-Pecuarios-Nacionales/SelIng.asp,http://www.economia-sniim.gob.mx/SNIIM-Pecuarios-Nacionales/e_Ing.asp,"{""RegPag"": ""1000"", ""anio"": ""2024"", ""mes"": ""06"", ""origen"": ""0"", ""prod"": ""804""}"
8e8a0c22-95d4-4f70-a01a-00ed062921c2,Maiz molido,804,Maiz amarillo,proxy,SNIIM no publica 'Maiz molido' como tal; se usa 'Maiz amarillo' como proxy del grano energetico base.,Nuevo León,Maiz amarillo,2024-06-30,2024,6,6000.0,6.0,5900.0,6100.0,-,MX-SNIIM-NUEVO_LEON,,True,http://www.economia-sniim.gob.mx/SNIIM-Pecuarios-Nacionales/SelIng.asp,http://www.economia-sniim.gob.mx/SNIIM-Pecuarios-Nacionales/e_Ing.asp,"{""RegPag"": ""1000"", ""anio"": ""2024"", ""mes"": ""06"", ""origen"": ""0"", ""prod"": ""804""}"
8e8a0c22-95d4-4f70-a01a-00ed062921c2,Maiz molido,804,Maiz amarillo,proxy,SNIIM no publica 'Maiz molido' como tal; se usa 'Maiz amarillo' como proxy del grano energetico base.,Jalisco,Maiz amarillo,2024-07-31,2024,7,5350.0,5.35,5350.0,5350.0,-,MX-SNIIM-JALISCO,,True,http://www.economia-sniim.gob.mx/SNIIM-Pecuarios-Nacionales/SelIng.asp,http://www.economia-sniim.gob.mx/SNIIM-Pecuarios-Nacionales/e_Ing.asp,"{""RegPag"": ""1000"", ""anio"": ""2024"", ""mes"": ""07"", ""origen"": ""0"", ""prod"": ""804""}"
8e8a0c22-95d4-4f70-a01a-00ed062921c2,Maiz molido,804,Maiz amarillo,proxy,SNIIM no publica 'Maiz molido' como tal; se usa 'Maiz amarillo' como proxy del grano energetico base.,Nuevo León,Maiz amarillo,2024-07-31,2024,7,5950.0,5.95,5800.0,6100.0,-,MX-SNIIM-NUEVO_LEON,,True,http://www.economia-sniim.gob.mx/SNIIM-Pecuarios-Nacionales/SelIng.asp,http://www.economia-sniim.gob.mx/SNIIM-Pecuarios-Nacionales/e_Ing.asp,"{""RegPag"": ""1000"", ""anio"": ""2024"", ""mes"": ""07"", ""origen"": ""0"", ""prod"": ""804""}"
8e8a0c22-95d4-4f70-a01a-00ed062921c2,Maiz molido,804,Maiz amarillo,proxy,SNIIM no publica 'Maiz molido' como tal; se usa 'Maiz amarillo' como proxy del grano energetico base.,Jalisco,Maiz amarillo,2024-08-31,2024,8,5530.0,5.53,5530.0,5530.0,-,MX-SNIIM-JALISCO,,True,http://www.economia-sniim.gob.mx/SNIIM-Pecuarios-Nacionales/SelIng.asp,http://www.economia-sniim.gob.mx/SNIIM-Pecuarios-Nacionales/e_Ing.asp,"{""RegPag"": ""1000"", ""anio"": ""2024"", ""mes"": ""08"", ""origen"": ""0"", ""prod"": ""804""}"
8e8a0c22-95d4-4f70-a01a-00ed062921c2,Maiz molido,804,Maiz amarillo,proxy,SNIIM no publica 'Maiz molido' como tal; se usa 'Maiz amarillo' como proxy del grano energetico base.,Nuevo León,Maiz amarillo,2024-08-31,2024,8,6100.0,6.1,6100.0,6100.0,-,MX-SNIIM-NUEVO_LEON,,True,http://www.economia-sniim.gob.mx/SNIIM-Pecuarios-Nacionales/SelIng.asp,http://www.economia-sniim.gob.mx/SNIIM-Pecuarios-Nacionales/e_Ing.asp,"{""RegPag"": ""1000"", ""anio"": ""2024"", ""mes"": ""08"", ""origen"": ""0"", ""prod"": ""804""}"
8e8a0c22-95d4-4f70-a01a-00ed062921c2,Maiz molido,804,Maiz amarillo,proxy,SNIIM no publica 'Maiz molido' como tal; se usa 'Maiz amarillo' como proxy del grano energetico base.,Jalisco,Maiz amarillo,2024-09-30,2024,9,5580.0,5.58,5580.0,5580.0,-,MX-SNIIM-JALISCO,,True,http://www.economia-sniim.gob.mx/SNIIM-Pecuarios-Nacionales/SelIng.asp,http://www.economia-sniim.gob.mx/SNIIM-Pecuarios-Nacionales/e_Ing.asp,"{""RegPag"": ""1000"", ""anio"": ""2024"", ""mes"": ""09"", ""origen"": ""0"", ""prod"": ""804""}"
8e8a0c22-95d4-4f70-a01a-00ed062921c2,Maiz molido,804,Maiz amarillo,proxy,SNIIM no publica 'Maiz molido' como tal; se usa 'Maiz amarillo' como proxy del grano energetico base.,Nuevo León,Maiz amarillo,2024-09-30,2024,9,5985.0,5.985,5520.0,6450.0,-,MX-SNIIM-NUEVO_LEON,,True,http://www.economia-sniim.gob.mx/SNIIM-Pecuarios-Nacionales/SelIng.asp,http://www.economia-sniim.gob.mx/SNIIM-Pecuarios-Nacionales/e_Ing.asp,"{""RegPag"": ""1000"", ""anio"": ""2024"", ""mes"": ""09"", ""origen"": ""0"", ""prod"": ""804""}"
8e8a0c22-95d4-4f70-a01a-00ed062921c2,Maiz molido,804,Maiz amarillo,proxy,SNIIM no publica 'Maiz molido' como tal; se usa 'Maiz amarillo' como proxy del grano energetico base.,Jalisco,Maiz amarillo,2024-10-31,2024,10,5790.0,5.79,5790.0,5790.0,-,MX-SNIIM-JALISCO,,True,http://www.economia-sniim.gob.mx/SNIIM-Pecuarios-Nacionales/SelIng.asp,http://www.economia-sniim.gob.mx/SNIIM-Pecuarios-Nacionales/e_Ing.asp,"{""RegPag"": ""1000"", ""anio"": ""2024"", ""mes"": ""10"", ""origen"": ""0"", ""prod"": ""804""}"
8e8a0c22-95d4-4f70-a01a-00ed062921c2,Maiz molido,804,Maiz amarillo,proxy,SNIIM no publica 'Maiz molido' como tal; se usa 'Maiz amarillo' como proxy del grano energetico base.,Nuevo León,Maiz amarillo,2024-10-31,2024,10,5985.0,5.985,5520.0,6450.0,-,MX-SNIIM-NUEVO_LEON,,True,http://www.economia-sniim.gob.mx/SNIIM-Pecuarios-Nacionales/SelIng.asp,http://www.economia-sniim.gob.mx/SNIIM-Pecuarios-Nacionales/e_Ing.asp,"{""RegPag"": ""1000"", ""anio"": ""2024"", ""mes"": ""10"", ""origen"": ""0"", ""prod"": ""804""}"
8e8a0c22-95d4-4f70-a01a-00ed062921c2,Maiz molido,804,Maiz amarillo,proxy,SNIIM no publica 'Maiz molido' como tal; se usa 'Maiz amarillo' como proxy del grano energetico base.,Jalisco,Maiz amarillo,2024-11-30,2024,11,5550.0,5.55,5550.0,5550.0,-,MX-SNIIM-JALISCO,,True,http://www.economia-sniim.gob.mx/SNIIM-Pecuarios-Nacionales/SelIng.asp,http://www.economia-sniim.gob.mx/SNIIM-Pecuarios-Nacionales/e_Ing.asp,"{""RegPag"": ""1000"", ""anio"": ""2024"", ""mes"": ""11"", ""origen"": ""0"", ""prod"": ""804""}"
8e8a0c22-95d4-4f70-a01a-00ed062921c2,Maiz molido,804,Maiz amarillo,proxy,SNIIM no publica 'Maiz molido' como tal; se usa 'Maiz amarillo' como proxy del grano energetico base.,Nuevo León,Maiz amarillo,2024-11-30,2024,11,6000.0,6.0,5550.0,6450.0,-,MX-SNIIM-NUEVO_LEON,,True,http://www.economia-sniim.gob.mx/SNIIM-Pecuarios-Nacionales/SelIng.asp,http://www.economia-sniim.gob.mx/SNIIM-Pecuarios-Nacionales/e_Ing.asp,"{""RegPag"": ""1000"", ""anio"": ""2024"", ""mes"": ""11"", ""origen"": ""0"", ""prod"": ""804""}"
8e8a0c22-95d4-4f70-a01a-00ed062921c2,Maiz molido,804,Maiz amarillo,proxy,SNIIM no publica 'Maiz molido' como tal; se usa 'Maiz amarillo' como proxy del grano energetico base.,Jalisco,Maiz amarillo,2024-12-31,2024,12,5550.0,5.55,5550.0,5550.0,-,MX-SNIIM-JALISCO,,True,http://www.economia-sniim.gob.mx/SNIIM-Pecuarios-Nacionales/SelIng.asp,http://www.economia-sniim.gob.mx/SNIIM-Pecuarios-Nacionales/e_Ing.asp,"{""RegPag"": ""1000"", ""anio"": ""2024"", ""mes"": ""12"", ""origen"": ""0"", ""prod"": ""804""}"
8e8a0c22-95d4-4f70-a01a-00ed062921c2,Maiz molido,804,Maiz amarillo,proxy,SNIIM no publica 'Maiz molido' como tal; se usa 'Maiz amarillo' como proxy del grano energetico base.,Nuevo León,Maiz amarillo,2024-12-31,2024,12,6000.0,6.0,5550.0,6450.0,-,MX-SNIIM-NUEVO_LEON,,True,http://www.economia-sniim.gob.mx/SNIIM-Pecuarios-Nacionales/SelIng.asp,http://www.economia-sniim.gob.mx/SNIIM-Pecuarios-Nacionales/e_Ing.asp,"{""RegPag"": ""1000"", ""anio"": ""2024"", ""mes"": ""12"", ""origen"": ""0"", ""prod"": ""804""}"
8e8a0c22-95d4-4f70-a01a-00ed062921c2,Maiz molido,804,Maiz amarillo,proxy,SNIIM no publica 'Maiz molido' como tal; se usa 'Maiz amarillo' como proxy del grano energetico base.,Jalisco,Maiz amarillo,2025-01-31,2025,1,5980.0,5.98,5980.0,5980.0,-,MX-SNIIM-JALISCO,,True,http://www.economia-sniim.gob.mx/SNIIM-Pecuarios-Nacionales/SelIng.asp,http://www.economia-sniim.gob.mx/SNIIM-Pecuarios-Nacionales/e_Ing.asp,"{""RegPag"": ""1000"", ""anio"": ""2025"", ""mes"": ""01"", ""origen"": ""0"", ""prod"": ""804""}"
8e8a0c22-95d4-4f70-a01a-00ed062921c2,Maiz molido,804,Maiz amarillo,proxy,SNIIM no publica 'Maiz molido' como tal; se usa 'Maiz amarillo' como proxy del grano energetico base.,Nuevo León,Maiz amarillo,2025-01-31,2025,1,5985.0,5.985,5520.0,6450.0,-,MX-SNIIM-NUEVO_LEON,,True,http://www.economia-sniim.gob.mx/SNIIM-Pecuarios-Nacionales/SelIng.asp,http://www.economia-sniim.gob.mx/SNIIM-Pecuarios-Nacionales/e_Ing.asp,"{""RegPag"": ""1000"", ""anio"": ""2025"", ""mes"": ""01"", ""origen"": ""0"", ""prod"": ""804""}"
8e8a0c22-95d4-4f70-a01a-00ed062921c2,Maiz molido,804,Maiz amarillo,proxy,SNIIM no publica 'Maiz molido' como tal; se usa 'Maiz amarillo' como proxy del grano energetico base.,Jalisco,Maiz amarillo,2025-02-28,2025,2,6150.0,6.15,6150.0,6150.0,-,MX-SNIIM-JALISCO,,True,http://www.economia-sniim.gob.mx/SNIIM-Pecuarios-Nacionales/SelIng.asp,http://www.economia-sniim.gob.mx/SNIIM-Pecuarios-Nacionales/e_Ing.asp,"{""RegPag"": ""1000"", ""anio"": ""2025"", ""mes"": ""02"", ""origen"": ""0"", ""prod"": ""804""}"
8e8a0c22-95d4-4f70-a01a-00ed062921c2,Maiz molido,804,Maiz amarillo,proxy,SNIIM no publica 'Maiz molido' como tal; se usa 'Maiz amarillo' como proxy del grano energetico base.,Nuevo León,Maiz amarillo,2025-02-28,2025,2,5520.0,5.52,5520.0,5520.0,-,MX-SNIIM-NUEVO_LEON,,True,http://www.economia-sniim.gob.mx/SNIIM-Pecuarios-Nacionales/SelIng.asp,http://www.economia-sniim.gob.mx/SNIIM-Pecuarios-Nacionales/e_Ing.asp,"{""RegPag"": ""1000"", ""anio"": ""2025"", ""mes"": ""02"", ""origen"": ""0"", ""prod"": ""804""}"
8e8a0c22-95d4-4f70-a01a-00ed062921c2,Maiz molido,804,Maiz amarillo,proxy,SNIIM no publica 'Maiz molido' como tal; se usa 'Maiz amarillo' como proxy del grano energetico base.,Jalisco,Maiz amarillo,2025-03-31,2025,3,6150.0,6.15,6150.0,6150.0,-,MX-SNIIM-JALISCO,,True,http://www.economia-sniim.gob.mx/SNIIM-Pecuarios-Nacionales/SelIng.asp,http://www.economia-sniim.gob.mx/SNIIM-Pecuarios-Nacionales/e_Ing.asp,"{""RegPag"": ""1000"", ""anio"": ""2025"", ""mes"": ""03"", ""origen"": ""0"", ""prod"": ""804""}"
8e8a0c22-95d4-4f70-a01a-00ed062921c2,Maiz molido,804,Maiz amarillo,proxy,SNIIM no publica 'Maiz molido' como tal; se usa 'Maiz amarillo' como proxy del grano energetico base.,Nuevo León,Maiz amarillo,2025-03-31,2025,3,5520.0,5.52,5520.0,5520.0,-,MX-SNIIM-NUEVO_LEON,,True,http://www.economia-sniim.gob.mx/SNIIM-Pecuarios-Nacionales/SelIng.asp,http://www.economia-sniim.gob.mx/SNIIM-Pecuarios-Nacionales/e_Ing.asp,"{""RegPag"": ""1000"", ""anio"": ""2025"", ""mes"": ""03"", ""origen"": ""0"", ""prod"": ""804""}"
8e8a0c22-95d4-4f70-a01a-00ed062921c2,Maiz molido,804,Maiz amarillo,proxy,SNIIM no publica 'Maiz molido' como tal; se usa 'Maiz amarillo' como proxy del grano energetico base.,Jalisco,Maiz amarillo,2025-04-30,2025,4,5930.0,5.93,5930.0,5930.0,-,MX-SNIIM-JALISCO,,True,http://www.economia-sniim.gob.mx/SNIIM-Pecuarios-Nacionales/SelIng.asp,http://www.economia-sniim.gob.mx/SNIIM-Pecuarios-Nacionales/e_Ing.asp,"{""RegPag"": ""1000"", ""anio"": ""2025"", ""mes"": ""04"", ""origen"": ""0"", ""prod"": ""804""}"
8e8a0c22-95d4-4f70-a01a-00ed062921c2,Maiz molido,804,Maiz amarillo,proxy,SNIIM no publica 'Maiz molido' como tal; se usa 'Maiz amarillo' como proxy del grano energetico base.,Nuevo León,Maiz amarillo,2025-04-30,2025,4,6240.0,6.24,5520.0,6960.0,-,MX-SNIIM-NUEVO_LEON,,True,http://www.economia-sniim.gob.mx/SNIIM-Pecuarios-Nacionales/SelIng.asp,http://www.economia-sniim.gob.mx/SNIIM-Pecuarios-Nacionales/e_Ing.asp,"{""RegPag"": ""1000"", ""anio"": ""2025"", ""mes"": ""04"", ""origen"": ""0"", ""prod"": ""804""}"
8e8a0c22-95d4-4f70-a01a-00ed062921c2,Maiz molido,804,Maiz amarillo,proxy,SNIIM no publica 'Maiz molido' como tal; se usa 'Maiz amarillo' como proxy del grano energetico base.,Nuevo León,Maiz amarillo,2025-05-31,2025,5,7080.0,7.08,6960.0,7200.0,-,MX-SNIIM-NUEVO_LEON,,True,http://www.economia-sniim.gob.mx/SNIIM-Pecuarios-Nacionales/SelIng.asp,http://www.economia-sniim.gob.mx/SNIIM-Pecuarios-Nacionales/e_Ing.asp,"{""RegPag"": ""1000"", ""anio"": ""2025"", ""mes"": ""05"", ""origen"": ""0"", ""prod"": ""804""}"
8e8a0c22-95d4-4f70-a01a-00ed062921c2,Maiz molido,804,Maiz amarillo,proxy,SNIIM no publica 'Maiz molido' como tal; se usa 'Maiz amarillo' como proxy del grano energetico base.,Jalisco,Maiz amarillo,2025-06-30,2025,6,5750.0,5.75,5750.0,5750.0,-,MX-SNIIM-JALISCO,,True,http://www.economia-sniim.gob.mx/SNIIM-Pecuarios-Nacionales/SelIng.asp,http://www.economia-sniim.gob.mx/SNIIM-Pecuarios-Nacionales/e_Ing.asp,"{""RegPag"": ""1000"", ""anio"": ""2025"", ""mes"": ""06"", ""origen"": ""0"", ""prod"": ""804""}"
8e8a0c22-95d4-4f70-a01a-00ed062921c2,Maiz molido,804,Maiz amarillo,proxy,SNIIM no publica 'Maiz molido' como tal; se usa 'Maiz amarillo' como proxy del grano energetico base.,Jalisco,Maiz amarillo,2025-06-30,2025,6,5750.0,5.75,5750.0,5750.0,-,MX-SNIIM-JALISCO,,True,http://www.economia-sniim.gob.mx/SNIIM-Pecuarios-Nacionales/SelIng.asp,http://www.economia-sniim.gob.mx/SNIIM-Pecuarios-Nacionales/e_Ing.asp,"{""RegPag"": ""1000"", ""anio"": ""2025"", ""mes"": ""06"", ""origen"": ""0"", ""prod"": ""804""}"
8e8a0c22-95d4-4f70-a01a-00ed062921c2,Maiz molido,804,Maiz amarillo,proxy,SNIIM no publica 'Maiz molido' como tal; se usa 'Maiz amarillo' como proxy del grano energetico base.,Nuevo León,Maiz amarillo,2025-06-30,2025,6,7080.0,7.08,6960.0,7200.0,-,MX-SNIIM-NUEVO_LEON,,True,http://www.economia-sniim.gob.mx/SNIIM-Pecuarios-Nacionales/SelIng.asp,http://www.economia-sniim.gob.mx/SNIIM-Pecuarios-Nacionales/e_Ing.asp,"{""RegPag"": ""1000"", ""anio"": ""2025"", ""mes"": ""06"", ""origen"": ""0"", ""prod"": ""804""}"
8e8a0c22-95d4-4f70-a01a-00ed062921c2,Maiz molido,804,Maiz amarillo,proxy,SNIIM no publica 'Maiz molido' como tal; se usa 'Maiz amarillo' como proxy del grano energetico base.,Jalisco,Maiz amarillo,2025-07-31,2025,7,5370.0,5.37,5370.0,5370.0,-,MX-SNIIM-JALISCO,,True,http://www.economia-sniim.gob.mx/SNIIM-Pecuarios-Nacionales/SelIng.asp,http://www.economia-sniim.gob.mx/SNIIM-Pecuarios-Nacionales/e_Ing.asp,"{""RegPag"": ""1000"", ""anio"": ""2025"", ""mes"": ""07"", ""origen"": ""0"", ""prod"": ""804""}"
8e8a0c22-95d4-4f70-a01a-00ed062921c2,Maiz molido,804,Maiz amarillo,proxy,SNIIM no publica 'Maiz molido' como tal; se usa 'Maiz amarillo' como proxy del grano energetico base.,Nuevo León,Maiz amarillo,2025-07-31,2025,7,7180.0,7.18,7160.0,7200.0,-,MX-SNIIM-NUEVO_LEON,,True,http://www.economia-sniim.gob.mx/SNIIM-Pecuarios-Nacionales/SelIng.asp,http://www.economia-sniim.gob.mx/SNIIM-Pecuarios-Nacionales/e_Ing.asp,"{""RegPag"": ""1000"", ""anio"": ""2025"", ""mes"": ""07"", ""origen"": ""0"", ""prod"": ""804""}"
8e8a0c22-95d4-4f70-a01a-00ed062921c2,Maiz molido,804,Maiz amarillo,proxy,SNIIM no publica 'Maiz molido' como tal; se usa 'Maiz amarillo' como proxy del grano energetico base.,Jalisco,Maiz amarillo,2025-08-31,2025,8,5200.0,5.2,5200.0,5200.0,-,MX-SNIIM-JALISCO,,True,http://www.economia-sniim.gob.mx/SNIIM-Pecuarios-Nacionales/SelIng.asp,http://www.economia-sniim.gob.mx/SNIIM-Pecuarios-Nacionales/e_Ing.asp,"{""RegPag"": ""1000"", ""anio"": ""2025"", ""mes"": ""08"", ""origen"": ""0"", ""prod"": ""804""}"
8e8a0c22-95d4-4f70-a01a-00ed062921c2,Maiz molido,804,Maiz amarillo,proxy,SNIIM no publica 'Maiz molido' como tal; se usa 'Maiz amarillo' como proxy del grano energetico base.,Nuevo León,Maiz amarillo,2025-08-31,2025,8,6590.0,6.59,6500.0,6680.0,-,MX-SNIIM-NUEVO_LEON,,True,http://www.economia-sniim.gob.mx/SNIIM-Pecuarios-Nacionales/SelIng.asp,http://www.economia-sniim.gob.mx/SNIIM-Pecuarios-Nacionales/e_Ing.asp,"{""RegPag"": ""1000"", ""anio"": ""2025"", ""mes"": ""08"", ""origen"": ""0"", ""prod"": ""804""}"
8e8a0c22-95d4-4f70-a01a-00ed062921c2,Maiz molido,804,Maiz amarillo,proxy,SNIIM no publica 'Maiz molido' como tal; se usa 'Maiz amarillo' como proxy del grano energetico base.,Jalisco,Maiz amarillo,2025-09-30,2025,9,5150.0,5.15,5150.0,5150.0,-,MX-SNIIM-JALISCO,,True,http://www.economia-sniim.gob.mx/SNIIM-Pecuarios-Nacionales/SelIng.asp,http://www.economia-sniim.gob.mx/SNIIM-Pecuarios-Nacionales/e_Ing.asp,"{""RegPag"": ""1000"", ""anio"": ""2025"", ""mes"": ""09"", ""origen"": ""0"", ""prod"": ""804""}"
8e8a0c22-95d4-4f70-a01a-00ed062921c2,Maiz molido,804,Maiz amarillo,proxy,SNIIM no publica 'Maiz molido' como tal; se usa 'Maiz amarillo' como proxy del grano energetico base.,Nuevo León,Maiz amarillo,2025-09-30,2025,9,6590.0,6.59,6500.0,6680.0,-,MX-SNIIM-NUEVO_LEON,,True,http://www.economia-sniim.gob.mx/SNIIM-Pecuarios-Nacionales/SelIng.asp,http://www.economia-sniim.gob.mx/SNIIM-Pecuarios-Nacionales/e_Ing.asp,"{""RegPag"": ""1000"", ""anio"": ""2025"", ""mes"": ""09"", ""origen"": ""0"", ""prod"": ""804""}"
8e8a0c22-95d4-4f70-a01a-00ed062921c2,Maiz molido,804,Maiz amarillo,proxy,SNIIM no publica 'Maiz molido' como tal; se usa 'Maiz amarillo' como proxy del grano energetico base.,Jalisco,Maiz amarillo,2025-10-31,2025,10,5400.0,5.4,5400.0,5400.0,-,MX-SNIIM-JALISCO,,True,http://www.economia-sniim.gob.mx/SNIIM-Pecuarios-Nacionales/SelIng.asp,http://www.economia-sniim.gob.mx/SNIIM-Pecuarios-Nacionales/e_Ing.asp,"{""RegPag"": ""1000"", ""anio"": ""2025"", ""mes"": ""10"", ""origen"": ""0"", ""prod"": ""804""}"
8e8a0c22-95d4-4f70-a01a-00ed062921c2,Maiz molido,804,Maiz amarillo,proxy,SNIIM no publica 'Maiz molido' como tal; se usa 'Maiz amarillo' como proxy del grano energetico base.,Nuevo León,Maiz amarillo,2025-10-31,2025,10,6590.0,6.59,6500.0,6680.0,-,MX-SNIIM-NUEVO_LEON,,True,http://www.economia-sniim.gob.mx/SNIIM-Pecuarios-Nacionales/SelIng.asp,http://www.economia-sniim.gob.mx/SNIIM-Pecuarios-Nacionales/e_Ing.asp,"{""RegPag"": ""1000"", ""anio"": ""2025"", ""mes"": ""10"", ""origen"": ""0"", ""prod"": ""804""}"
8e8a0c22-95d4-4f70-a01a-00ed062921c2,Maiz molido,804,Maiz amarillo,proxy,SNIIM no publica 'Maiz molido' como tal; se usa 'Maiz amarillo' como proxy del grano energetico base.,Jalisco,Maiz amarillo,2025-11-30,2025,11,5420.0,5.42,5420.0,5420.0,-,MX-SNIIM-JALISCO,,True,http://www.economia-sniim.gob.mx/SNIIM-Pecuarios-Nacionales/SelIng.asp,http://www.economia-sniim.gob.mx/SNIIM-Pecuarios-Nacionales/e_Ing.asp,"{""RegPag"": ""1000"", ""anio"": ""2025"", ""mes"": ""11"", ""origen"": ""0"", ""prod"": ""804""}"
8e8a0c22-95d4-4f70-a01a-00ed062921c2,Maiz molido,804,Maiz amarillo,proxy,SNIIM no publica 'Maiz molido' como tal; se usa 'Maiz amarillo' como proxy del grano energetico base.,Nuevo León,Maiz amarillo,2025-11-30,2025,11,6600.0,6.6,6520.0,6680.0,-,MX-SNIIM-NUEVO_LEON,,True,http://www.economia-sniim.gob.mx/SNIIM-Pecuarios-Nacionales/SelIng.asp,http://www.economia-sniim.gob.mx/SNIIM-Pecuarios-Nacionales/e_Ing.asp,"{""RegPag"": ""1000"", ""anio"": ""2025"", ""mes"": ""11"", ""origen"": ""0"", ""prod"": ""804""}"
8e8a0c22-95d4-4f70-a01a-00ed062921c2,Maiz molido,804,Maiz amarillo,proxy,SNIIM no publica 'Maiz molido' como tal; se usa 'Maiz amarillo' como proxy del grano energetico base.,Jalisco,Maiz amarillo,2025-12-31,2025,12,5350.0,5.35,5350.0,5350.0,-,MX-SNIIM-JALISCO,,True,http://www.economia-sniim.gob.mx/SNIIM-Pecuarios-Nacionales/SelIng.asp,http://www.economia-sniim.gob.mx/SNIIM-Pecuarios-Nacionales/e_Ing.asp,"{""RegPag"": ""1000"", ""anio"": ""2025"", ""mes"": ""12"", ""origen"": ""0"", ""prod"": ""804""}"
8e8a0c22-95d4-4f70-a01a-00ed062921c2,Maiz molido,804,Maiz amarillo,proxy,SNIIM no publica 'Maiz molido' como tal; se usa 'Maiz amarillo' como proxy del grano energetico base.,Nuevo León,Maiz amarillo,2025-12-31,2025,12,6600.0,6.6,6520.0,6680.0,-,MX-SNIIM-NUEVO_LEON,,True,http://www.economia-sniim.gob.mx/SNIIM-Pecuarios-Nacionales/SelIng.asp,http://www.economia-sniim.gob.mx/SNIIM-Pecuarios-Nacionales/e_Ing.asp,"{""RegPag"": ""1000"", ""anio"": ""2025"", ""mes"": ""12"", ""origen"": ""0"", ""prod"": ""804""}"
8e8a0c22-95d4-4f70-a01a-00ed062921c2,Maiz molido,804,Maiz amarillo,proxy,SNIIM no publica 'Maiz molido' como tal; se usa 'Maiz amarillo' como proxy del grano energetico base.,Jalisco,Maiz amarillo,2026-01-31,2026,1,5350.0,5.35,5350.0,5350.0,-,MX-SNIIM-JALISCO,,True,http://www.economia-sniim.gob.mx/SNIIM-Pecuarios-Nacionales/SelIng.asp,http://www.economia-sniim.gob.mx/SNIIM-Pecuarios-Nacionales/e_Ing.asp,"{""RegPag"": ""1000"", ""anio"": ""2026"", ""mes"": ""01"", ""origen"": ""0"", ""prod"": ""804""}"
8e8a0c22-95d4-4f70-a01a-00ed062921c2,Maiz molido,804,Maiz amarillo,proxy,SNIIM no publica 'Maiz molido' como tal; se usa 'Maiz amarillo' como proxy del grano energetico base.,Nuevo León,Maiz amarillo,2026-01-31,2026,1,6005.0,6.005,5560.0,6450.0,-,MX-SNIIM-NUEVO_LEON,,True,http://www.economia-sniim.gob.mx/SNIIM-Pecuarios-Nacionales/SelIng.asp,http://www.economia-sniim.gob.mx/SNIIM-Pecuarios-Nacionales/e_Ing.asp,"{""RegPag"": ""1000"", ""anio"": ""2026"", ""mes"": ""01"", ""origen"": ""0"", ""prod"": ""804""}"
8e8a0c22-95d4-4f70-a01a-00ed062921c2,Maiz molido,804,Maiz amarillo,proxy,SNIIM no publica 'Maiz molido' como tal; se usa 'Maiz amarillo' como proxy del grano energetico base.,Jalisco,Maiz amarillo,2026-02-28,2026,2,4840.0,4.84,4840.0,4840.0,-,MX-SNIIM-JALISCO,,True,http://www.economia-sniim.gob.mx/SNIIM-Pecuarios-Nacionales/SelIng.asp,http://www.economia-sniim.gob.mx/SNIIM-Pecuarios-Nacionales/e_Ing.asp,"{""RegPag"": ""1000"", ""anio"": ""2026"", ""mes"": ""02"", ""origen"": ""0"", ""prod"": ""804""}"
8e8a0c22-95d4-4f70-a01a-00ed062921c2,Maiz molido,804,Maiz amarillo,proxy,SNIIM no publica 'Maiz molido' como tal; se usa 'Maiz amarillo' como proxy del grano energetico base.,Nuevo León,Maiz amarillo,2026-02-28,2026,2,5925.0,5.925,5400.0,6450.0,-,MX-SNIIM-NUEVO_LEON,,True,http://www.economia-sniim.gob.mx/SNIIM-Pecuarios-Nacionales/SelIng.asp,http://www.economia-sniim.gob.mx/SNIIM-Pecuarios-Nacionales/e_Ing.asp,"{""RegPag"": ""1000"", ""anio"": ""2026"", ""mes"": ""02"", ""origen"": ""0"", ""prod"": ""804""}"
fb8d02cb-e98b-4420-87ca-b2d174333f4d,Melaza de cana,860,Melaza de caña,exact,,Nuevo León,Melaza de caña,2024-01-31,2024,1,6700.0,6.7,6700.0,6700.0,-,MX-SNIIM-NUEVO_LEON,,True,http://www.economia-sniim.gob.mx/SNIIM-Pecuarios-Nacionales/SelIng.asp,http://www.economia-sniim.gob.mx/SNIIM-Pecuarios-Nacionales/e_Ing.asp,"{""RegPag"": ""1000"", ""anio"": ""2024"", ""mes"": ""01"", ""origen"": ""0"", ""prod"": ""860""}"
fb8d02cb-e98b-4420-87ca-b2d174333f4d,Melaza de cana,860,Melaza de caña,exact,,Nuevo León,Melaza de caña,2024-02-29,2024,2,6700.0,6.7,6700.0,6700.0,-,MX-SNIIM-NUEVO_LEON,,True,http://www.economia-sniim.gob.mx/SNIIM-Pecuarios-Nacionales/SelIng.asp,http://www.economia-sniim.gob.mx/SNIIM-Pecuarios-Nacionales/e_Ing.asp,"{""RegPag"": ""1000"", ""anio"": ""2024"", ""mes"": ""02"", ""origen"": ""0"", ""prod"": ""860""}"
fb8d02cb-e98b-4420-87ca-b2d174333f4d,Melaza de cana,860,Melaza de caña,exact,,Nuevo León,Melaza de caña,2024-03-31,2024,3,6675.0,6.675,6550.0,6800.0,-,MX-SNIIM-NUEVO_LEON,,True,http://www.economia-sniim.gob.mx/SNIIM-Pecuarios-Nacionales/SelIng.asp,http://www.economia-sniim.gob.mx/SNIIM-Pecuarios-Nacionales/e_Ing.asp,"{""RegPag"": ""1000"", ""anio"": ""2024"", ""mes"": ""03"", ""origen"": ""0"", ""prod"": ""860""}"
fb8d02cb-e98b-4420-87ca-b2d174333f4d,Melaza de cana,860,Melaza de caña,exact,,Nuevo León,Melaza de caña,2024-04-30,2024,4,6710.0,6.71,6620.0,6800.0,-,MX-SNIIM-NUEVO_LEON,,True,http://www.economia-sniim.gob.mx/SNIIM-Pecuarios-Nacionales/SelIng.asp,http://www.economia-sniim.gob.mx/SNIIM-Pecuarios-Nacionales/e_Ing.asp,"{""RegPag"": ""1000"", ""anio"": ""2024"", ""mes"": ""04"", ""origen"": ""0"", ""prod"": ""860""}"
fb8d02cb-e98b-4420-87ca-b2d174333f4d,Melaza de cana,860,Melaza de caña,exact,,Nuevo León,Melaza de caña,2024-05-31,2024,5,6800.0,6.8,6800.0,6800.0,-,MX-SNIIM-NUEVO_LEON,,True,http://www.economia-sniim.gob.mx/SNIIM-Pecuarios-Nacionales/SelIng.asp,http://www.economia-sniim.gob.mx/SNIIM-Pecuarios-Nacionales/e_Ing.asp,"{""RegPag"": ""1000"", ""anio"": ""2024"", ""mes"": ""05"", ""origen"": ""0"", ""prod"": ""860""}"
fb8d02cb-e98b-4420-87ca-b2d174333f4d,Melaza de cana,860,Melaza de caña,exact,,Nuevo León,Melaza de caña,2024-06-30,2024,6,6750.0,6.75,6600.0,6900.0,-,MX-SNIIM-NUEVO_LEON,,True,http://www.economia-sniim.gob.mx/SNIIM-Pecuarios-Nacionales/SelIng.asp,http://www.economia-sniim.gob.mx/SNIIM-Pecuarios-Nacionales/e_Ing.asp,"{""RegPag"": ""1000"", ""anio"": ""2024"", ""mes"": ""06"", ""origen"": ""0"", ""prod"": ""860""}"
fb8d02cb-e98b-4420-87ca-b2d174333f4d,Melaza de cana,860,Melaza de caña,exact,,Nuevo León,Melaza de caña,2024-07-31,2024,7,6750.0,6.75,6600.0,6900.0,-,MX-SNIIM-NUEVO_LEON,,True,http://www.economia-sniim.gob.mx/SNIIM-Pecuarios-Nacionales/SelIng.asp,http://www.economia-sniim.gob.mx/SNIIM-Pecuarios-Nacionales/e_Ing.asp,"{""RegPag"": ""1000"", ""anio"": ""2024"", ""mes"": ""07"", ""origen"": ""0"", ""prod"": ""860""}"
fb8d02cb-e98b-4420-87ca-b2d174333f4d,Melaza de cana,860,Melaza de caña,exact,,Nuevo León,Melaza de caña,2024-08-31,2024,8,6750.0,6.75,6600.0,6900.0,-,MX-SNIIM-NUEVO_LEON,,True,http://www.economia-sniim.gob.mx/SNIIM-Pecuarios-Nacionales/SelIng.asp,http://www.economia-sniim.gob.mx/SNIIM-Pecuarios-Nacionales/e_Ing.asp,"{""RegPag"": ""1000"", ""anio"": ""2024"", ""mes"": ""08"", ""origen"": ""0"", ""prod"": ""860""}"
fb8d02cb-e98b-4420-87ca-b2d174333f4d,Melaza de cana,860,Melaza de caña,exact,,Nuevo León,Melaza de caña,2024-09-30,2024,9,6800.0,6.8,6800.0,6800.0,-,MX-SNIIM-NUEVO_LEON,,True,http://www.economia-sniim.gob.mx/SNIIM-Pecuarios-Nacionales/SelIng.asp,http://www.economia-sniim.gob.mx/SNIIM-Pecuarios-Nacionales/e_Ing.asp,"{""RegPag"": ""1000"", ""anio"": ""2024"", ""mes"": ""09"", ""origen"": ""0"", ""prod"": ""860""}"
fb8d02cb-e98b-4420-87ca-b2d174333f4d,Melaza de cana,860,Melaza de caña,exact,,Nuevo León,Melaza de caña,2024-10-31,2024,10,6800.0,6.8,6800.0,6800.0,-,MX-SNIIM-NUEVO_LEON,,True,http://www.economia-sniim.gob.mx/SNIIM-Pecuarios-Nacionales/SelIng.asp,http://www.economia-sniim.gob.mx/SNIIM-Pecuarios-Nacionales/e_Ing.asp,"{""RegPag"": ""1000"", ""anio"": ""2024"", ""mes"": ""10"", ""origen"": ""0"", ""prod"": ""860""}"
fb8d02cb-e98b-4420-87ca-b2d174333f4d,Melaza de cana,860,Melaza de caña,exact,,Nuevo León,Melaza de caña,2024-11-30,2024,11,6800.0,6.8,6800.0,6800.0,-,MX-SNIIM-NUEVO_LEON,,True,http://www.economia-sniim.gob.mx/SNIIM-Pecuarios-Nacionales/SelIng.asp,http://www.economia-sniim.gob.mx/SNIIM-Pecuarios-Nacionales/e_Ing.asp,"{""RegPag"": ""1000"", ""anio"": ""2024"", ""mes"": ""11"", ""origen"": ""0"", ""prod"": ""860""}"
fb8d02cb-e98b-4420-87ca-b2d174333f4d,Melaza de cana,860,Melaza de caña,exact,,Nuevo León,Melaza de caña,2024-12-31,2024,12,6800.0,6.8,6800.0,6800.0,-,MX-SNIIM-NUEVO_LEON,,True,http://www.economia-sniim.gob.mx/SNIIM-Pecuarios-Nacionales/SelIng.asp,http://www.economia-sniim.gob.mx/SNIIM-Pecuarios-Nacionales/e_Ing.asp,"{""RegPag"": ""1000"", ""anio"": ""2024"", ""mes"": ""12"", ""origen"": ""0"", ""prod"": ""860""}"
fb8d02cb-e98b-4420-87ca-b2d174333f4d,Melaza de cana,860,Melaza de caña,exact,,Nuevo León,Melaza de caña,2025-01-31,2025,1,6230.0,6.23,6230.0,6230.0,-,MX-SNIIM-NUEVO_LEON,,True,http://www.economia-sniim.gob.mx/SNIIM-Pecuarios-Nacionales/SelIng.asp,http://www.economia-sniim.gob.mx/SNIIM-Pecuarios-Nacionales/e_Ing.asp,"{""RegPag"": ""1000"", ""anio"": ""2025"", ""mes"": ""01"", ""origen"": ""0"", ""prod"": ""860""}"
fb8d02cb-e98b-4420-87ca-b2d174333f4d,Melaza de cana,860,Melaza de caña,exact,,Nuevo León,Melaza de caña,2025-02-28,2025,2,6230.0,6.23,6230.0,6230.0,-,MX-SNIIM-NUEVO_LEON,,True,http://www.economia-sniim.gob.mx/SNIIM-Pecuarios-Nacionales/SelIng.asp,http://www.economia-sniim.gob.mx/SNIIM-Pecuarios-Nacionales/e_Ing.asp,"{""RegPag"": ""1000"", ""anio"": ""2025"", ""mes"": ""02"", ""origen"": ""0"", ""prod"": ""860""}"
fb8d02cb-e98b-4420-87ca-b2d174333f4d,Melaza de cana,860,Melaza de caña,exact,,Nuevo León,Melaza de caña,2025-03-31,2025,3,6230.0,6.23,6230.0,6230.0,-,MX-SNIIM-NUEVO_LEON,,True,http://www.economia-sniim.gob.mx/SNIIM-Pecuarios-Nacionales/SelIng.asp,http://www.economia-sniim.gob.mx/SNIIM-Pecuarios-Nacionales/e_Ing.asp,"{""RegPag"": ""1000"", ""anio"": ""2025"", ""mes"": ""03"", ""origen"": ""0"", ""prod"": ""860""}"
fb8d02cb-e98b-4420-87ca-b2d174333f4d,Melaza de cana,860,Melaza de caña,exact,,Nuevo León,Melaza de caña,2025-04-30,2025,4,6230.0,6.23,6230.0,6230.0,-,MX-SNIIM-NUEVO_LEON,,True,http://www.economia-sniim.gob.mx/SNIIM-Pecuarios-Nacionales/SelIng.asp,http://www.economia-sniim.gob.mx/SNIIM-Pecuarios-Nacionales/e_Ing.asp,"{""RegPag"": ""1000"", ""anio"": ""2025"", ""mes"": ""04"", ""origen"": ""0"", ""prod"": ""860""}"
fb8d02cb-e98b-4420-87ca-b2d174333f4d,Melaza de cana,860,Melaza de caña,exact,,Nuevo León,Melaza de caña,2025-05-31,2025,5,6230.0,6.23,6230.0,6230.0,-,MX-SNIIM-NUEVO_LEON,,True,http://www.economia-sniim.gob.mx/SNIIM-Pecuarios-Nacionales/SelIng.asp,http://www.economia-sniim.gob.mx/SNIIM-Pecuarios-Nacionales/e_Ing.asp,"{""RegPag"": ""1000"", ""anio"": ""2025"", ""mes"": ""05"", ""origen"": ""0"", ""prod"": ""860""}"
fb8d02cb-e98b-4420-87ca-b2d174333f4d,Melaza de cana,860,Melaza de caña,exact,,Nuevo León,Melaza de caña,2025-06-30,2025,6,6230.0,6.23,6230.0,6230.0,-,MX-SNIIM-NUEVO_LEON,,True,http://www.economia-sniim.gob.mx/SNIIM-Pecuarios-Nacionales/SelIng.asp,http://www.economia-sniim.gob.mx/SNIIM-Pecuarios-Nacionales/e_Ing.asp,"{""RegPag"": ""1000"", ""anio"": ""2025"", ""mes"": ""06"", ""origen"": ""0"", ""prod"": ""860""}"
fb8d02cb-e98b-4420-87ca-b2d174333f4d,Melaza de cana,860,Melaza de caña,exact,,Nuevo León,Melaza de caña,2025-07-31,2025,7,6230.0,6.23,6230.0,6230.0,-,MX-SNIIM-NUEVO_LEON,,True,http://www.economia-sniim.gob.mx/SNIIM-Pecuarios-Nacionales/SelIng.asp,http://www.economia-sniim.gob.mx/SNIIM-Pecuarios-Nacionales/e_Ing.asp,"{""RegPag"": ""1000"", ""anio"": ""2025"", ""mes"": ""07"", ""origen"": ""0"", ""prod"": ""860""}"
fb8d02cb-e98b-4420-87ca-b2d174333f4d,Melaza de cana,860,Melaza de caña,exact,,Nuevo León,Melaza de caña,2025-08-31,2025,8,6230.0,6.23,6230.0,6230.0,-,MX-SNIIM-NUEVO_LEON,,True,http://www.economia-sniim.gob.mx/SNIIM-Pecuarios-Nacionales/SelIng.asp,http://www.economia-sniim.gob.mx/SNIIM-Pecuarios-Nacionales/e_Ing.asp,"{""RegPag"": ""1000"", ""anio"": ""2025"", ""mes"": ""08"", ""origen"": ""0"", ""prod"": ""860""}"
fb8d02cb-e98b-4420-87ca-b2d174333f4d,Melaza de cana,860,Melaza de caña,exact,,Nuevo León,Melaza de caña,2025-09-30,2025,9,6230.0,6.23,6230.0,6230.0,-,MX-SNIIM-NUEVO_LEON,,True,http://www.economia-sniim.gob.mx/SNIIM-Pecuarios-Nacionales/SelIng.asp,http://www.economia-sniim.gob.mx/SNIIM-Pecuarios-Nacionales/e_Ing.asp,"{""RegPag"": ""1000"", ""anio"": ""2025"", ""mes"": ""09"", ""origen"": ""0"", ""prod"": ""860""}"
fb8d02cb-e98b-4420-87ca-b2d174333f4d,Melaza de cana,860,Melaza de caña,exact,,Nuevo León,Melaza de caña,2025-10-31,2025,10,6230.0,6.23,6230.0,6230.0,-,MX-SNIIM-NUEVO_LEON,,True,http://www.economia-sniim.gob.mx/SNIIM-Pecuarios-Nacionales/SelIng.asp,http://www.economia-sniim.gob.mx/SNIIM-Pecuarios-Nacionales/e_Ing.asp,"{""RegPag"": ""1000"", ""anio"": ""2025"", ""mes"": ""10"", ""origen"": ""0"", ""prod"": ""860""}"
fb8d02cb-e98b-4420-87ca-b2d174333f4d,Melaza de cana,860,Melaza de caña,exact,,Nuevo León,Melaza de caña,2025-11-30,2025,11,6365.0,6.365,6230.0,6500.0,-,MX-SNIIM-NUEVO_LEON,,True,http://www.economia-sniim.gob.mx/SNIIM-Pecuarios-Nacionales/SelIng.asp,http://www.economia-sniim.gob.mx/SNIIM-Pecuarios-Nacionales/e_Ing.asp,"{""RegPag"": ""1000"", ""anio"": ""2025"", ""mes"": ""11"", ""origen"": ""0"", ""prod"": ""860""}"
fb8d02cb-e98b-4420-87ca-b2d174333f4d,Melaza de cana,860,Melaza de caña,exact,,Nuevo León,Melaza de caña,2025-12-31,2025,12,6365.0,6.365,6230.0,6500.0,-,MX-SNIIM-NUEVO_LEON,,True,http://www.economia-sniim.gob.mx/SNIIM-Pecuarios-Nacionales/SelIng.asp,http://www.economia-sniim.gob.mx/SNIIM-Pecuarios-Nacionales/e_Ing.asp,"{""RegPag"": ""1000"", ""anio"": ""2025"", ""mes"": ""12"", ""origen"": ""0"", ""prod"": ""860""}"
fb8d02cb-e98b-4420-87ca-b2d174333f4d,Melaza de cana,860,Melaza de caña,exact,,Nuevo León,Melaza de caña,2026-01-31,2026,1,6230.0,6.23,6230.0,6230.0,-,MX-SNIIM-NUEVO_LEON,,True,http://www.economia-sniim.gob.mx/SNIIM-Pecuarios-Nacionales/SelIng.asp,http://www.economia-sniim.gob.mx/SNIIM-Pecuarios-Nacionales/e_Ing.asp,"{""RegPag"": ""1000"", ""anio"": ""2026"", ""mes"": ""01"", ""origen"": ""0"", ""prod"": ""860""}"
fb8d02cb-e98b-4420-87ca-b2d174333f4d,Melaza de cana,860,Melaza de caña,exact,,Nuevo León,Melaza de caña,2026-02-28,2026,2,6230.0,6.23,6230.0,6230.0,-,MX-SNIIM-NUEVO_LEON,,True,http://www.economia-sniim.gob.mx/SNIIM-Pecuarios-Nacionales/SelIng.asp,http://www.economia-sniim.gob.mx/SNIIM-Pecuarios-Nacionales/e_Ing.asp,"{""RegPag"": ""1000"", ""anio"": ""2026"", ""mes"": ""02"", ""origen"": ""0"", ""prod"": ""860""}"
ffc07a4b-1f72-47a9-b509-0971134eb690,Pasta de canola,830,Pasta de canola,exact,,Jalisco,Pasta de canola,2024-01-31,2024,1,8050.0,8.05,8050.0,8050.0,-,MX-SNIIM-JALISCO,,True,http://www.economia-sniim.gob.mx/SNIIM-Pecuarios-Nacionales/SelIng.asp,http://www.economia-sniim.gob.mx/SNIIM-Pecuarios-Nacionales/e_Ing.asp,"{""RegPag"": ""1000"", ""anio"": ""2024"", ""mes"": ""01"", ""origen"": ""0"", ""prod"": ""830""}"
ffc07a4b-1f72-47a9-b509-0971134eb690,Pasta de canola,830,Pasta de canola,exact,,Jalisco,Pasta de canola,2024-02-29,2024,2,7650.0,7.65,7650.0,7650.0,-,MX-SNIIM-JALISCO,,True,http://www.economia-sniim.gob.mx/SNIIM-Pecuarios-Nacionales/SelIng.asp,http://www.economia-sniim.gob.mx/SNIIM-Pecuarios-Nacionales/e_Ing.asp,"{""RegPag"": ""1000"", ""anio"": ""2024"", ""mes"": ""02"", ""origen"": ""0"", ""prod"": ""830""}"
ffc07a4b-1f72-47a9-b509-0971134eb690,Pasta de canola,830,Pasta de canola,exact,,Jalisco,Pasta de canola,2024-03-31,2024,3,6600.0,6.6,6600.0,6600.0,-,MX-SNIIM-JALISCO,,True,http://www.economia-sniim.gob.mx/SNIIM-Pecuarios-Nacionales/SelIng.asp,http://www.economia-sniim.gob.mx/SNIIM-Pecuarios-Nacionales/e_Ing.asp,"{""RegPag"": ""1000"", ""anio"": ""2024"", ""mes"": ""03"", ""origen"": ""0"", ""prod"": ""830""}"
ffc07a4b-1f72-47a9-b509-0971134eb690,Pasta de canola,830,Pasta de canola,exact,,Jalisco,Pasta de canola,2024-04-30,2024,4,6000.0,6.0,6000.0,6000.0,-,MX-SNIIM-JALISCO,,True,http://www.economia-sniim.gob.mx/SNIIM-Pecuarios-Nacionales/SelIng.asp,http://www.economia-sniim.gob.mx/SNIIM-Pecuarios-Nacionales/e_Ing.asp,"{""RegPag"": ""1000"", ""anio"": ""2024"", ""mes"": ""04"", ""origen"": ""0"", ""prod"": ""830""}"
ffc07a4b-1f72-47a9-b509-0971134eb690,Pasta de canola,830,Pasta de canola,exact,,Jalisco,Pasta de canola,2024-05-31,2024,5,5800.0,5.8,5800.0,5800.0,-,MX-SNIIM-JALISCO,,True,http://www.economia-sniim.gob.mx/SNIIM-Pecuarios-Nacionales/SelIng.asp,http://www.economia-sniim.gob.mx/SNIIM-Pecuarios-Nacionales/e_Ing.asp,"{""RegPag"": ""1000"", ""anio"": ""2024"", ""mes"": ""05"", ""origen"": ""0"", ""prod"": ""830""}"
ffc07a4b-1f72-47a9-b509-0971134eb690,Pasta de canola,830,Pasta de canola,exact,,Jalisco,Pasta de canola,2024-06-30,2024,6,6320.0,6.32,6320.0,6320.0,-,MX-SNIIM-JALISCO,,True,http://www.economia-sniim.gob.mx/SNIIM-Pecuarios-Nacionales/SelIng.asp,http://www.economia-sniim.gob.mx/SNIIM-Pecuarios-Nacionales/e_Ing.asp,"{""RegPag"": ""1000"", ""anio"": ""2024"", ""mes"": ""06"", ""origen"": ""0"", ""prod"": ""830""}"
ffc07a4b-1f72-47a9-b509-0971134eb690,Pasta de canola,830,Pasta de canola,exact,,Jalisco,Pasta de canola,2024-07-31,2024,7,6220.0,6.22,6220.0,6220.0,-,MX-SNIIM-JALISCO,,True,http://www.economia-sniim.gob.mx/SNIIM-Pecuarios-Nacionales/SelIng.asp,http://www.economia-sniim.gob.mx/SNIIM-Pecuarios-Nacionales/e_Ing.asp,"{""RegPag"": ""1000"", ""anio"": ""2024"", ""mes"": ""07"", ""origen"": ""0"", ""prod"": ""830""}"
ffc07a4b-1f72-47a9-b509-0971134eb690,Pasta de canola,830,Pasta de canola,exact,,Jalisco,Pasta de canola,2024-08-31,2024,8,6400.0,6.4,6400.0,6400.0,-,MX-SNIIM-JALISCO,,True,http://www.economia-sniim.gob.mx/SNIIM-Pecuarios-Nacionales/SelIng.asp,http://www.economia-sniim.gob.mx/SNIIM-Pecuarios-Nacionales/e_Ing.asp,"{""RegPag"": ""1000"", ""anio"": ""2024"", ""mes"": ""08"", ""origen"": ""0"", ""prod"": ""830""}"
ffc07a4b-1f72-47a9-b509-0971134eb690,Pasta de canola,830,Pasta de canola,exact,,Jalisco,Pasta de canola,2024-09-30,2024,9,7200.0,7.2,7200.0,7200.0,-,MX-SNIIM-JALISCO,,True,http://www.economia-sniim.gob.mx/SNIIM-Pecuarios-Nacionales/SelIng.asp,http://www.economia-sniim.gob.mx/SNIIM-Pecuarios-Nacionales/e_Ing.asp,"{""RegPag"": ""1000"", ""anio"": ""2024"", ""mes"": ""09"", ""origen"": ""0"", ""prod"": ""830""}"
ffc07a4b-1f72-47a9-b509-0971134eb690,Pasta de canola,830,Pasta de canola,exact,,Jalisco,Pasta de canola,2024-10-31,2024,10,7300.0,7.3,7300.0,7300.0,-,MX-SNIIM-JALISCO,,True,http://www.economia-sniim.gob.mx/SNIIM-Pecuarios-Nacionales/SelIng.asp,http://www.economia-sniim.gob.mx/SNIIM-Pecuarios-Nacionales/e_Ing.asp,"{""RegPag"": ""1000"", ""anio"": ""2024"", ""mes"": ""10"", ""origen"": ""0"", ""prod"": ""830""}"
ffc07a4b-1f72-47a9-b509-0971134eb690,Pasta de canola,830,Pasta de canola,exact,,Jalisco,Pasta de canola,2024-11-30,2024,11,7500.0,7.5,7500.0,7500.0,-,MX-SNIIM-JALISCO,,True,http://www.economia-sniim.gob.mx/SNIIM-Pecuarios-Nacionales/SelIng.asp,http://www.economia-sniim.gob.mx/SNIIM-Pecuarios-Nacionales/e_Ing.asp,"{""RegPag"": ""1000"", ""anio"": ""2024"", ""mes"": ""11"", ""origen"": ""0"", ""prod"": ""830""}"
ffc07a4b-1f72-47a9-b509-0971134eb690,Pasta de canola,830,Pasta de canola,exact,,Jalisco,Pasta de canola,2024-12-31,2024,12,7500.0,7.5,7500.0,7500.0,-,MX-SNIIM-JALISCO,,True,http://www.economia-sniim.gob.mx/SNIIM-Pecuarios-Nacionales/SelIng.asp,http://www.economia-sniim.gob.mx/SNIIM-Pecuarios-Nacionales/e_Ing.asp,"{""RegPag"": ""1000"", ""anio"": ""2024"", ""mes"": ""12"", ""origen"": ""0"", ""prod"": ""830""}"
ffc07a4b-1f72-47a9-b509-0971134eb690,Pasta de canola,830,Pasta de canola,exact,,Jalisco,Pasta de canola,2025-01-31,2025,1,6820.0,6.82,6820.0,6820.0,-,MX-SNIIM-JALISCO,,True,http://www.economia-sniim.gob.mx/SNIIM-Pecuarios-Nacionales/SelIng.asp,http://www.economia-sniim.gob.mx/SNIIM-Pecuarios-Nacionales/e_Ing.asp,"{""RegPag"": ""1000"", ""anio"": ""2025"", ""mes"": ""01"", ""origen"": ""0"", ""prod"": ""830""}"
ffc07a4b-1f72-47a9-b509-0971134eb690,Pasta de canola,830,Pasta de canola,exact,,Jalisco,Pasta de canola,2025-02-28,2025,2,5950.0,5.95,5950.0,5950.0,-,MX-SNIIM-JALISCO,,True,http://www.economia-sniim.gob.mx/SNIIM-Pecuarios-Nacionales/SelIng.asp,http://www.economia-sniim.gob.mx/SNIIM-Pecuarios-Nacionales/e_Ing.asp,"{""RegPag"": ""1000"", ""anio"": ""2025"", ""mes"": ""02"", ""origen"": ""0"", ""prod"": ""830""}"
ffc07a4b-1f72-47a9-b509-0971134eb690,Pasta de canola,830,Pasta de canola,exact,,Jalisco,Pasta de canola,2025-03-31,2025,3,5950.0,5.95,5950.0,5950.0,-,MX-SNIIM-JALISCO,,True,http://www.economia-sniim.gob.mx/SNIIM-Pecuarios-Nacionales/SelIng.asp,http://www.economia-sniim.gob.mx/SNIIM-Pecuarios-Nacionales/e_Ing.asp,"{""RegPag"": ""1000"", ""anio"": ""2025"", ""mes"": ""03"", ""origen"": ""0"", ""prod"": ""830""}"
ffc07a4b-1f72-47a9-b509-0971134eb690,Pasta de canola,830,Pasta de canola,exact,,Jalisco,Pasta de canola,2025-04-30,2025,4,5150.0,5.15,5150.0,5150.0,-,MX-SNIIM-JALISCO,,True,http://www.economia-sniim.gob.mx/SNIIM-Pecuarios-Nacionales/SelIng.asp,http://www.economia-sniim.gob.mx/SNIIM-Pecuarios-Nacionales/e_Ing.asp,"{""RegPag"": ""1000"", ""anio"": ""2025"", ""mes"": ""04"", ""origen"": ""0"", ""prod"": ""830""}"
ffc07a4b-1f72-47a9-b509-0971134eb690,Pasta de canola,830,Pasta de canola,exact,,Jalisco,Pasta de canola,2025-06-30,2025,6,5000.0,5.0,5000.0,5000.0,-,MX-SNIIM-JALISCO,,True,http://www.economia-sniim.gob.mx/SNIIM-Pecuarios-Nacionales/SelIng.asp,http://www.economia-sniim.gob.mx/SNIIM-Pecuarios-Nacionales/e_Ing.asp,"{""RegPag"": ""1000"", ""anio"": ""2025"", ""mes"": ""06"", ""origen"": ""0"", ""prod"": ""830""}"
ffc07a4b-1f72-47a9-b509-0971134eb690,Pasta de canola,830,Pasta de canola,exact,,Jalisco,Pasta de canola,2025-06-30,2025,6,5000.0,5.0,5000.0,5000.0,-,MX-SNIIM-JALISCO,,True,http://www.economia-sniim.gob.mx/SNIIM-Pecuarios-Nacionales/SelIng.asp,http://www.economia-sniim.gob.mx/SNIIM-Pecuarios-Nacionales/e_Ing.asp,"{""RegPag"": ""1000"", ""anio"": ""2025"", ""mes"": ""06"", ""origen"": ""0"", ""prod"": ""830""}"
ffc07a4b-1f72-47a9-b509-0971134eb690,Pasta de canola,830,Pasta de canola,exact,,Jalisco,Pasta de canola,2025-07-31,2025,7,5020.0,5.02,5020.0,5020.0,-,MX-SNIIM-JALISCO,,True,http://www.economia-sniim.gob.mx/SNIIM-Pecuarios-Nacionales/SelIng.asp,http://www.economia-sniim.gob.mx/SNIIM-Pecuarios-Nacionales/e_Ing.asp,"{""RegPag"": ""1000"", ""anio"": ""2025"", ""mes"": ""07"", ""origen"": ""0"", ""prod"": ""830""}"
ffc07a4b-1f72-47a9-b509-0971134eb690,Pasta de canola,830,Pasta de canola,exact,,Jalisco,Pasta de canola,2025-08-31,2025,8,5050.0,5.05,5050.0,5050.0,-,MX-SNIIM-JALISCO,,True,http://www.economia-sniim.gob.mx/SNIIM-Pecuarios-Nacionales/SelIng.asp,http://www.economia-sniim.gob.mx/SNIIM-Pecuarios-Nacionales/e_Ing.asp,"{""RegPag"": ""1000"", ""anio"": ""2025"", ""mes"": ""08"", ""origen"": ""0"", ""prod"": ""830""}"
ffc07a4b-1f72-47a9-b509-0971134eb690,Pasta de canola,830,Pasta de canola,exact,,Jalisco,Pasta de canola,2025-09-30,2025,9,5450.0,5.45,5450.0,5450.0,-,MX-SNIIM-JALISCO,,True,http://www.economia-sniim.gob.mx/SNIIM-Pecuarios-Nacionales/SelIng.asp,http://www.economia-sniim.gob.mx/SNIIM-Pecuarios-Nacionales/e_Ing.asp,"{""RegPag"": ""1000"", ""anio"": ""2025"", ""mes"": ""09"", ""origen"": ""0"", ""prod"": ""830""}"
ffc07a4b-1f72-47a9-b509-0971134eb690,Pasta de canola,830,Pasta de canola,exact,,Jalisco,Pasta de canola,2025-10-31,2025,10,5300.0,5.3,5300.0,5300.0,-,MX-SNIIM-JALISCO,,True,http://www.economia-sniim.gob.mx/SNIIM-Pecuarios-Nacionales/SelIng.asp,http://www.economia-sniim.gob.mx/SNIIM-Pecuarios-Nacionales/e_Ing.asp,"{""RegPag"": ""1000"", ""anio"": ""2025"", ""mes"": ""10"", ""origen"": ""0"", ""prod"": ""830""}"
ffc07a4b-1f72-47a9-b509-0971134eb690,Pasta de canola,830,Pasta de canola,exact,,Jalisco,Pasta de canola,2025-11-30,2025,11,5250.0,5.25,5250.0,5250.0,-,MX-SNIIM-JALISCO,,True,http://www.economia-sniim.gob.mx/SNIIM-Pecuarios-Nacionales/SelIng.asp,http://www.economia-sniim.gob.mx/SNIIM-Pecuarios-Nacionales/e_Ing.asp,"{""RegPag"": ""1000"", ""anio"": ""2025"", ""mes"": ""11"", ""origen"": ""0"", ""prod"": ""830""}"
ffc07a4b-1f72-47a9-b509-0971134eb690,Pasta de canola,830,Pasta de canola,exact,,Jalisco,Pasta de canola,2025-12-31,2025,12,5400.0,5.4,5400.0,5400.0,-,MX-SNIIM-JALISCO,,True,http://www.economia-sniim.gob.mx/SNIIM-Pecuarios-Nacionales/SelIng.asp,http://www.economia-sniim.gob.mx/SNIIM-Pecuarios-Nacionales/e_Ing.asp,"{""RegPag"": ""1000"", ""anio"": ""2025"", ""mes"": ""12"", ""origen"": ""0"", ""prod"": ""830""}"
ffc07a4b-1f72-47a9-b509-0971134eb690,Pasta de canola,830,Pasta de canola,exact,,Jalisco,Pasta de canola,2026-01-31,2026,1,5350.0,5.35,5350.0,5350.0,-,MX-SNIIM-JALISCO,,True,http://www.economia-sniim.gob.mx/SNIIM-Pecuarios-Nacionales/SelIng.asp,http://www.economia-sniim.gob.mx/SNIIM-Pecuarios-Nacionales/e_Ing.asp,"{""RegPag"": ""1000"", ""anio"": ""2026"", ""mes"": ""01"", ""origen"": ""0"", ""prod"": ""830""}"
ffc07a4b-1f72-47a9-b509-0971134eb690,Pasta de canola,830,Pasta de canola,exact,,Jalisco,Pasta de canola,2026-02-28,2026,2,5130.0,5.13,5130.0,5130.0,-,MX-SNIIM-JALISCO,,True,http://www.economia-sniim.gob.mx/SNIIM-Pecuarios-Nacionales/SelIng.asp,http://www.economia-sniim.gob.mx/SNIIM-Pecuarios-Nacionales/e_Ing.asp,"{""RegPag"": ""1000"", ""anio"": ""2026"", ""mes"": ""02"", ""origen"": ""0"", ""prod"": ""830""}"
835e2ba5-f36a-468b-85e7-634db9180620,Pasta de soya,834,Pasta de soya,exact,,Jalisco,Pasta de soya,2024-01-31,2024,1,11400.0,11.4,11400.0,11400.0,-,MX-SNIIM-JALISCO,,True,http://www.economia-sniim.gob.mx/SNIIM-Pecuarios-Nacionales/SelIng.asp,http://www.economia-sniim.gob.mx/SNIIM-Pecuarios-Nacionales/e_Ing.asp,"{""RegPag"": ""1000"", ""anio"": ""2024"", ""mes"": ""01"", ""origen"": ""0"", ""prod"": ""834""}"
835e2ba5-f36a-468b-85e7-634db9180620,Pasta de soya,834,Pasta de soya,exact,,Jalisco,Pasta de soya,2024-02-29,2024,2,9250.0,9.25,9250.0,9250.0,-,MX-SNIIM-JALISCO,,True,http://www.economia-sniim.gob.mx/SNIIM-Pecuarios-Nacionales/SelIng.asp,http://www.economia-sniim.gob.mx/SNIIM-Pecuarios-Nacionales/e_Ing.asp,"{""RegPag"": ""1000"", ""anio"": ""2024"", ""mes"": ""02"", ""origen"": ""0"", ""prod"": ""834""}"
835e2ba5-f36a-468b-85e7-634db9180620,Pasta de soya,834,Pasta de soya,exact,,Jalisco,Pasta de soya,2024-03-31,2024,3,8450.0,8.45,8450.0,8450.0,-,MX-SNIIM-JALISCO,,True,http://www.economia-sniim.gob.mx/SNIIM-Pecuarios-Nacionales/SelIng.asp,http://www.economia-sniim.gob.mx/SNIIM-Pecuarios-Nacionales/e_Ing.asp,"{""RegPag"": ""1000"", ""anio"": ""2024"", ""mes"": ""03"", ""origen"": ""0"", ""prod"": ""834""}"
835e2ba5-f36a-468b-85e7-634db9180620,Pasta de soya,834,Pasta de soya,exact,,Jalisco,Pasta de soya,2024-04-30,2024,4,8200.0,8.2,8200.0,8200.0,-,MX-SNIIM-JALISCO,,True,http://www.economia-sniim.gob.mx/SNIIM-Pecuarios-Nacionales/SelIng.asp,http://www.economia-sniim.gob.mx/SNIIM-Pecuarios-Nacionales/e_Ing.asp,"{""RegPag"": ""1000"", ""anio"": ""2024"", ""mes"": ""04"", ""origen"": ""0"", ""prod"": ""834""}"
835e2ba5-f36a-468b-85e7-634db9180620,Pasta de soya,834,Pasta de soya,exact,,Jalisco,Pasta de soya,2024-05-31,2024,5,8550.0,8.55,8550.0,8550.0,-,MX-SNIIM-JALISCO,,True,http://www.economia-sniim.gob.mx/SNIIM-Pecuarios-Nacionales/SelIng.asp,http://www.economia-sniim.gob.mx/SNIIM-Pecuarios-Nacionales/e_Ing.asp,"{""RegPag"": ""1000"", ""anio"": ""2024"", ""mes"": ""05"", ""origen"": ""0"", ""prod"": ""834""}"
835e2ba5-f36a-468b-85e7-634db9180620,Pasta de soya,834,Pasta de soya,exact,,Nuevo León,Pasta de soya,2024-05-31,2024,5,9800.0,9.8,9800.0,9800.0,-,MX-SNIIM-NUEVO_LEON,,True,http://www.economia-sniim.gob.mx/SNIIM-Pecuarios-Nacionales/SelIng.asp,http://www.economia-sniim.gob.mx/SNIIM-Pecuarios-Nacionales/e_Ing.asp,"{""RegPag"": ""1000"", ""anio"": ""2024"", ""mes"": ""05"", ""origen"": ""0"", ""prod"": ""834""}"
835e2ba5-f36a-468b-85e7-634db9180620,Pasta de soya,834,Pasta de soya,exact,,Jalisco,Pasta de soya,2024-06-30,2024,6,9600.0,9.6,9600.0,9600.0,-,MX-SNIIM-JALISCO,,True,http://www.economia-sniim.gob.mx/SNIIM-Pecuarios-Nacionales/SelIng.asp,http://www.economia-sniim.gob.mx/SNIIM-Pecuarios-Nacionales/e_Ing.asp,"{""RegPag"": ""1000"", ""anio"": ""2024"", ""mes"": ""06"", ""origen"": ""0"", ""prod"": ""834""}"
835e2ba5-f36a-468b-85e7-634db9180620,Pasta de soya,834,Pasta de soya,exact,,Nuevo León,Pasta de soya,2024-06-30,2024,6,9750.0,9.75,9750.0,9750.0,-,MX-SNIIM-NUEVO_LEON,,True,http://www.economia-sniim.gob.mx/SNIIM-Pecuarios-Nacionales/SelIng.asp,http://www.economia-sniim.gob.mx/SNIIM-Pecuarios-Nacionales/e_Ing.asp,"{""RegPag"": ""1000"", ""anio"": ""2024"", ""mes"": ""06"", ""origen"": ""0"", ""prod"": ""834""}"
835e2ba5-f36a-468b-85e7-634db9180620,Pasta de soya,834,Pasta de soya,exact,,Jalisco,Pasta de soya,2024-07-31,2024,7,8850.0,8.85,8850.0,8850.0,-,MX-SNIIM-JALISCO,,True,http://www.economia-sniim.gob.mx/SNIIM-Pecuarios-Nacionales/SelIng.asp,http://www.economia-sniim.gob.mx/SNIIM-Pecuarios-Nacionales/e_Ing.asp,"{""RegPag"": ""1000"", ""anio"": ""2024"", ""mes"": ""07"", ""origen"": ""0"", ""prod"": ""834""}"
835e2ba5-f36a-468b-85e7-634db9180620,Pasta de soya,834,Pasta de soya,exact,,Nuevo León,Pasta de soya,2024-07-31,2024,7,9750.0,9.75,9750.0,9750.0,-,MX-SNIIM-NUEVO_LEON,,True,http://www.economia-sniim.gob.mx/SNIIM-Pecuarios-Nacionales/SelIng.asp,http://www.economia-sniim.gob.mx/SNIIM-Pecuarios-Nacionales/e_Ing.asp,"{""RegPag"": ""1000"", ""anio"": ""2024"", ""mes"": ""07"", ""origen"": ""0"", ""prod"": ""834""}"
835e2ba5-f36a-468b-85e7-634db9180620,Pasta de soya,834,Pasta de soya,exact,,Jalisco,Pasta de soya,2024-08-31,2024,8,9500.0,9.5,9500.0,9500.0,-,MX-SNIIM-JALISCO,,True,http://www.economia-sniim.gob.mx/SNIIM-Pecuarios-Nacionales/SelIng.asp,http://www.economia-sniim.gob.mx/SNIIM-Pecuarios-Nacionales/e_Ing.asp,"{""RegPag"": ""1000"", ""anio"": ""2024"", ""mes"": ""08"", ""origen"": ""0"", ""prod"": ""834""}"
835e2ba5-f36a-468b-85e7-634db9180620,Pasta de soya,834,Pasta de soya,exact,,Nuevo León,Pasta de soya,2024-08-31,2024,8,9750.0,9.75,9750.0,9750.0,-,MX-SNIIM-NUEVO_LEON,,True,http://www.economia-sniim.gob.mx/SNIIM-Pecuarios-Nacionales/SelIng.asp,http://www.economia-sniim.gob.mx/SNIIM-Pecuarios-Nacionales/e_Ing.asp,"{""RegPag"": ""1000"", ""anio"": ""2024"", ""mes"": ""08"", ""origen"": ""0"", ""prod"": ""834""}"
835e2ba5-f36a-468b-85e7-634db9180620,Pasta de soya,834,Pasta de soya,exact,,Jalisco,Pasta de soya,2024-09-30,2024,9,9850.0,9.85,9850.0,9850.0,-,MX-SNIIM-JALISCO,,True,http://www.economia-sniim.gob.mx/SNIIM-Pecuarios-Nacionales/SelIng.asp,http://www.economia-sniim.gob.mx/SNIIM-Pecuarios-Nacionales/e_Ing.asp,"{""RegPag"": ""1000"", ""anio"": ""2024"", ""mes"": ""09"", ""origen"": ""0"", ""prod"": ""834""}"
835e2ba5-f36a-468b-85e7-634db9180620,Pasta de soya,834,Pasta de soya,exact,,Jalisco,Pasta de soya,2024-10-31,2024,10,9250.0,9.25,9250.0,9250.0,-,MX-SNIIM-JALISCO,,True,http://www.economia-sniim.gob.mx/SNIIM-Pecuarios-Nacionales/SelIng.asp,http://www.economia-sniim.gob.mx/SNIIM-Pecuarios-Nacionales/e_Ing.asp,"{""RegPag"": ""1000"", ""anio"": ""2024"", ""mes"": ""10"", ""origen"": ""0"", ""prod"": ""834""}"
835e2ba5-f36a-468b-85e7-634db9180620,Pasta de soya,834,Pasta de soya,exact,,Jalisco,Pasta de soya,2024-11-30,2024,11,10000.0,10.0,10000.0,10000.0,-,MX-SNIIM-JALISCO,,True,http://www.economia-sniim.gob.mx/SNIIM-Pecuarios-Nacionales/SelIng.asp,http://www.economia-sniim.gob.mx/SNIIM-Pecuarios-Nacionales/e_Ing.asp,"{""RegPag"": ""1000"", ""anio"": ""2024"", ""mes"": ""11"", ""origen"": ""0"", ""prod"": ""834""}"
835e2ba5-f36a-468b-85e7-634db9180620,Pasta de soya,834,Pasta de soya,exact,,Jalisco,Pasta de soya,2024-12-31,2024,12,10000.0,10.0,10000.0,10000.0,-,MX-SNIIM-JALISCO,,True,http://www.economia-sniim.gob.mx/SNIIM-Pecuarios-Nacionales/SelIng.asp,http://www.economia-sniim.gob.mx/SNIIM-Pecuarios-Nacionales/e_Ing.asp,"{""RegPag"": ""1000"", ""anio"": ""2024"", ""mes"": ""12"", ""origen"": ""0"", ""prod"": ""834""}"
835e2ba5-f36a-468b-85e7-634db9180620,Pasta de soya,834,Pasta de soya,exact,,Jalisco,Pasta de soya,2025-01-31,2025,1,8630.0,8.63,8630.0,8630.0,-,MX-SNIIM-JALISCO,,True,http://www.economia-sniim.gob.mx/SNIIM-Pecuarios-Nacionales/SelIng.asp,http://www.economia-sniim.gob.mx/SNIIM-Pecuarios-Nacionales/e_Ing.asp,"{""RegPag"": ""1000"", ""anio"": ""2025"", ""mes"": ""01"", ""origen"": ""0"", ""prod"": ""834""}"
835e2ba5-f36a-468b-85e7-634db9180620,Pasta de soya,834,Pasta de soya,exact,,Nuevo León,Pasta de soya,2025-01-31,2025,1,9840.0,9.84,9840.0,9840.0,-,MX-SNIIM-NUEVO_LEON,,True,http://www.economia-sniim.gob.mx/SNIIM-Pecuarios-Nacionales/SelIng.asp,http://www.economia-sniim.gob.mx/SNIIM-Pecuarios-Nacionales/e_Ing.asp,"{""RegPag"": ""1000"", ""anio"": ""2025"", ""mes"": ""01"", ""origen"": ""0"", ""prod"": ""834""}"
835e2ba5-f36a-468b-85e7-634db9180620,Pasta de soya,834,Pasta de soya,exact,,Jalisco,Pasta de soya,2025-02-28,2025,2,8100.0,8.1,8100.0,8100.0,-,MX-SNIIM-JALISCO,,True,http://www.economia-sniim.gob.mx/SNIIM-Pecuarios-Nacionales/SelIng.asp,http://www.economia-sniim.gob.mx/SNIIM-Pecuarios-Nacionales/e_Ing.asp,"{""RegPag"": ""1000"", ""anio"": ""2025"", ""mes"": ""02"", ""origen"": ""0"", ""prod"": ""834""}"
835e2ba5-f36a-468b-85e7-634db9180620,Pasta de soya,834,Pasta de soya,exact,,Jalisco,Pasta de soya,2025-03-31,2025,3,8100.0,8.1,8100.0,8100.0,-,MX-SNIIM-JALISCO,,True,http://www.economia-sniim.gob.mx/SNIIM-Pecuarios-Nacionales/SelIng.asp,http://www.economia-sniim.gob.mx/SNIIM-Pecuarios-Nacionales/e_Ing.asp,"{""RegPag"": ""1000"", ""anio"": ""2025"", ""mes"": ""03"", ""origen"": ""0"", ""prod"": ""834""}"
835e2ba5-f36a-468b-85e7-634db9180620,Pasta de soya,834,Pasta de soya,exact,,Jalisco,Pasta de soya,2025-04-30,2025,4,7650.0,7.65,7650.0,7650.0,-,MX-SNIIM-JALISCO,,True,http://www.economia-sniim.gob.mx/SNIIM-Pecuarios-Nacionales/SelIng.asp,http://www.economia-sniim.gob.mx/SNIIM-Pecuarios-Nacionales/e_Ing.asp,"{""RegPag"": ""1000"", ""anio"": ""2025"", ""mes"": ""04"", ""origen"": ""0"", ""prod"": ""834""}"
835e2ba5-f36a-468b-85e7-634db9180620,Pasta de soya,834,Pasta de soya,exact,,Jalisco,Pasta de soya,2025-06-30,2025,6,7400.0,7.4,7400.0,7400.0,-,MX-SNIIM-JALISCO,,True,http://www.economia-sniim.gob.mx/SNIIM-Pecuarios-Nacionales/SelIng.asp,http://www.economia-sniim.gob.mx/SNIIM-Pecuarios-Nacionales/e_Ing.asp,"{""RegPag"": ""1000"", ""anio"": ""2025"", ""mes"": ""06"", ""origen"": ""0"", ""prod"": ""834""}"
835e2ba5-f36a-468b-85e7-634db9180620,Pasta de soya,834,Pasta de soya,exact,,Jalisco,Pasta de soya,2025-06-30,2025,6,7400.0,7.4,7400.0,7400.0,-,MX-SNIIM-JALISCO,,True,http://www.economia-sniim.gob.mx/SNIIM-Pecuarios-Nacionales/SelIng.asp,http://www.economia-sniim.gob.mx/SNIIM-Pecuarios-Nacionales/e_Ing.asp,"{""RegPag"": ""1000"", ""anio"": ""2025"", ""mes"": ""06"", ""origen"": ""0"", ""prod"": ""834""}"
835e2ba5-f36a-468b-85e7-634db9180620,Pasta de soya,834,Pasta de soya,exact,,Jalisco,Pasta de soya,2025-07-31,2025,7,6730.0,6.73,6730.0,6730.0,-,MX-SNIIM-JALISCO,,True,http://www.economia-sniim.gob.mx/SNIIM-Pecuarios-Nacionales/SelIng.asp,http://www.economia-sniim.gob.mx/SNIIM-Pecuarios-Nacionales/e_Ing.asp,"{""RegPag"": ""1000"", ""anio"": ""2025"", ""mes"": ""07"", ""origen"": ""0"", ""prod"": ""834""}"
835e2ba5-f36a-468b-85e7-634db9180620,Pasta de soya,834,Pasta de soya,exact,,Jalisco,Pasta de soya,2025-08-31,2025,8,7050.0,7.05,7050.0,7050.0,-,MX-SNIIM-JALISCO,,True,http://www.economia-sniim.gob.mx/SNIIM-Pecuarios-Nacionales/SelIng.asp,http://www.economia-sniim.gob.mx/SNIIM-Pecuarios-Nacionales/e_Ing.asp,"{""RegPag"": ""1000"", ""anio"": ""2025"", ""mes"": ""08"", ""origen"": ""0"", ""prod"": ""834""}"
835e2ba5-f36a-468b-85e7-634db9180620,Pasta de soya,834,Pasta de soya,exact,,Jalisco,Pasta de soya,2025-09-30,2025,9,7900.0,7.9,7900.0,7900.0,-,MX-SNIIM-JALISCO,,True,http://www.economia-sniim.gob.mx/SNIIM-Pecuarios-Nacionales/SelIng.asp,http://www.economia-sniim.gob.mx/SNIIM-Pecuarios-Nacionales/e_Ing.asp,"{""RegPag"": ""1000"", ""anio"": ""2025"", ""mes"": ""09"", ""origen"": ""0"", ""prod"": ""834""}"
835e2ba5-f36a-468b-85e7-634db9180620,Pasta de soya,834,Pasta de soya,exact,,Jalisco,Pasta de soya,2025-10-31,2025,10,7840.0,7.84,7840.0,7840.0,-,MX-SNIIM-JALISCO,,True,http://www.economia-sniim.gob.mx/SNIIM-Pecuarios-Nacionales/SelIng.asp,http://www.economia-sniim.gob.mx/SNIIM-Pecuarios-Nacionales/e_Ing.asp,"{""RegPag"": ""1000"", ""anio"": ""2025"", ""mes"": ""10"", ""origen"": ""0"", ""prod"": ""834""}"
835e2ba5-f36a-468b-85e7-634db9180620,Pasta de soya,834,Pasta de soya,exact,,Jalisco,Pasta de soya,2025-11-30,2025,11,8000.0,8.0,8000.0,8000.0,-,MX-SNIIM-JALISCO,,True,http://www.economia-sniim.gob.mx/SNIIM-Pecuarios-Nacionales/SelIng.asp,http://www.economia-sniim.gob.mx/SNIIM-Pecuarios-Nacionales/e_Ing.asp,"{""RegPag"": ""1000"", ""anio"": ""2025"", ""mes"": ""11"", ""origen"": ""0"", ""prod"": ""834""}"
835e2ba5-f36a-468b-85e7-634db9180620,Pasta de soya,834,Pasta de soya,exact,,Jalisco,Pasta de soya,2025-12-31,2025,12,8350.0,8.35,8350.0,8350.0,-,MX-SNIIM-JALISCO,,True,http://www.economia-sniim.gob.mx/SNIIM-Pecuarios-Nacionales/SelIng.asp,http://www.economia-sniim.gob.mx/SNIIM-Pecuarios-Nacionales/e_Ing.asp,"{""RegPag"": ""1000"", ""anio"": ""2025"", ""mes"": ""12"", ""origen"": ""0"", ""prod"": ""834""}"
835e2ba5-f36a-468b-85e7-634db9180620,Pasta de soya,834,Pasta de soya,exact,,Jalisco,Pasta de soya,2026-01-31,2026,1,8000.0,8.0,8000.0,8000.0,-,MX-SNIIM-JALISCO,,True,http://www.economia-sniim.gob.mx/SNIIM-Pecuarios-Nacionales/SelIng.asp,http://www.economia-sniim.gob.mx/SNIIM-Pecuarios-Nacionales/e_Ing.asp,"{""RegPag"": ""1000"", ""anio"": ""2026"", ""mes"": ""01"", ""origen"": ""0"", ""prod"": ""834""}"
835e2ba5-f36a-468b-85e7-634db9180620,Pasta de soya,834,Pasta de soya,exact,,Jalisco,Pasta de soya,2026-02-28,2026,2,7350.0,7.35,7350.0,7350.0,-,MX-SNIIM-JALISCO,,True,http://www.economia-sniim.gob.mx/SNIIM-Pecuarios-Nacionales/SelIng.asp,http://www.economia-sniim.gob.mx/SNIIM-Pecuarios-Nacionales/e_Ing.asp,"{""RegPag"": ""1000"", ""anio"": ""2026"", ""mes"": ""02"", ""origen"": ""0"", ""prod"": ""834""}"
7e07c643-982d-4236-9a70-3179c83afe51,Sorgo rolado,809,Sorgo molido,proxy,SNIIM no reporto 'Sorgo rolado' en el ultimo corte; se usa 'Sorgo molido' como aproximacion operativa.,México,Sorgo molido,2024-01-31,2024,1,6875.0,6.875,6750.0,7000.0,-,MX-SNIIM-MEXICO,,True,http://www.economia-sniim.gob.mx/SNIIM-Pecuarios-Nacionales/SelIng.asp,http://www.economia-sniim.gob.mx/SNIIM-Pecuarios-Nacionales/e_Ing.asp,"{""RegPag"": ""1000"", ""anio"": ""2024"", ""mes"": ""01"", ""origen"": ""0"", ""prod"": ""809""}"
7e07c643-982d-4236-9a70-3179c83afe51,Sorgo rolado,809,Sorgo molido,proxy,SNIIM no reporto 'Sorgo rolado' en el ultimo corte; se usa 'Sorgo molido' como aproximacion operativa.,Nuevo León,Sorgo molido,2024-01-31,2024,1,6325.0,6.325,6250.0,6400.0,-,MX-SNIIM-NUEVO_LEON,,True,http://www.economia-sniim.gob.mx/SNIIM-Pecuarios-Nacionales/SelIng.asp,http://www.economia-sniim.gob.mx/SNIIM-Pecuarios-Nacionales/e_Ing.asp,"{""RegPag"": ""1000"", ""anio"": ""2024"", ""mes"": ""01"", ""origen"": ""0"", ""prod"": ""809""}"
7e07c643-982d-4236-9a70-3179c83afe51,Sorgo rolado,809,Sorgo molido,proxy,SNIIM no reporto 'Sorgo rolado' en el ultimo corte; se usa 'Sorgo molido' como aproximacion operativa.,México,Sorgo molido,2024-02-29,2024,2,8625.0,8.625,8500.0,8750.0,-,MX-SNIIM-MEXICO,,True,http://www.economia-sniim.gob.mx/SNIIM-Pecuarios-Nacionales/SelIng.asp,http://www.economia-sniim.gob.mx/SNIIM-Pecuarios-Nacionales/e_Ing.asp,"{""RegPag"": ""1000"", ""anio"": ""2024"", ""mes"": ""02"", ""origen"": ""0"", ""prod"": ""809""}"
7e07c643-982d-4236-9a70-3179c83afe51,Sorgo rolado,809,Sorgo molido,proxy,SNIIM no reporto 'Sorgo rolado' en el ultimo corte; se usa 'Sorgo molido' como aproximacion operativa.,Nuevo León,Sorgo molido,2024-02-29,2024,2,6325.0,6.325,6250.0,6400.0,-,MX-SNIIM-NUEVO_LEON,,True,http://www.economia-sniim.gob.mx/SNIIM-Pecuarios-Nacionales/SelIng.asp,http://www.economia-sniim.gob.mx/SNIIM-Pecuarios-Nacionales/e_Ing.asp,"{""RegPag"": ""1000"", ""anio"": ""2024"", ""mes"": ""02"", ""origen"": ""0"", ""prod"": ""809""}"
7e07c643-982d-4236-9a70-3179c83afe51,Sorgo rolado,809,Sorgo molido,proxy,SNIIM no reporto 'Sorgo rolado' en el ultimo corte; se usa 'Sorgo molido' como aproximacion operativa.,México,Sorgo molido,2024-03-31,2024,3,5750.0,5.75,5500.0,6000.0,-,MX-SNIIM-MEXICO,,True,http://www.economia-sniim.gob.mx/SNIIM-Pecuarios-Nacionales/SelIng.asp,http://www.economia-sniim.gob.mx/SNIIM-Pecuarios-Nacionales/e_Ing.asp,"{""RegPag"": ""1000"", ""anio"": ""2024"", ""mes"": ""03"", ""origen"": ""0"", ""prod"": ""809""}"
7e07c643-982d-4236-9a70-3179c83afe51,Sorgo rolado,809,Sorgo molido,proxy,SNIIM no reporto 'Sorgo rolado' en el ultimo corte; se usa 'Sorgo molido' como aproximacion operativa.,Nuevo León,Sorgo molido,2024-03-31,2024,3,6500.0,6.5,6450.0,6550.0,-,MX-SNIIM-NUEVO_LEON,,True,http://www.economia-sniim.gob.mx/SNIIM-Pecuarios-Nacionales/SelIng.asp,http://www.economia-sniim.gob.mx/SNIIM-Pecuarios-Nacionales/e_Ing.asp,"{""RegPag"": ""1000"", ""anio"": ""2024"", ""mes"": ""03"", ""origen"": ""0"", ""prod"": ""809""}"
7e07c643-982d-4236-9a70-3179c83afe51,Sorgo rolado,809,Sorgo molido,proxy,SNIIM no reporto 'Sorgo rolado' en el ultimo corte; se usa 'Sorgo molido' como aproximacion operativa.,México,Sorgo molido,2024-04-30,2024,4,5750.0,5.75,5500.0,6000.0,-,MX-SNIIM-MEXICO,,True,http://www.economia-sniim.gob.mx/SNIIM-Pecuarios-Nacionales/SelIng.asp,http://www.economia-sniim.gob.mx/SNIIM-Pecuarios-Nacionales/e_Ing.asp,"{""RegPag"": ""1000"", ""anio"": ""2024"", ""mes"": ""04"", ""origen"": ""0"", ""prod"": ""809""}"
7e07c643-982d-4236-9a70-3179c83afe51,Sorgo rolado,809,Sorgo molido,proxy,SNIIM no reporto 'Sorgo rolado' en el ultimo corte; se usa 'Sorgo molido' como aproximacion operativa.,Nuevo León,Sorgo molido,2024-04-30,2024,4,6500.0,6.5,6400.0,6600.0,-,MX-SNIIM-NUEVO_LEON,,True,http://www.economia-sniim.gob.mx/SNIIM-Pecuarios-Nacionales/SelIng.asp,http://www.economia-sniim.gob.mx/SNIIM-Pecuarios-Nacionales/e_Ing.asp,"{""RegPag"": ""1000"", ""anio"": ""2024"", ""mes"": ""04"", ""origen"": ""0"", ""prod"": ""809""}"
7e07c643-982d-4236-9a70-3179c83afe51,Sorgo rolado,809,Sorgo molido,proxy,SNIIM no reporto 'Sorgo rolado' en el ultimo corte; se usa 'Sorgo molido' como aproximacion operativa.,México,Sorgo molido,2024-05-31,2024,5,5750.0,5.75,5500.0,6000.0,-,MX-SNIIM-MEXICO,,True,http://www.economia-sniim.gob.mx/SNIIM-Pecuarios-Nacionales/SelIng.asp,http://www.economia-sniim.gob.mx/SNIIM-Pecuarios-Nacionales/e_Ing.asp,"{""RegPag"": ""1000"", ""anio"": ""2024"", ""mes"": ""05"", ""origen"": ""0"", ""prod"": ""809""}"
7e07c643-982d-4236-9a70-3179c83afe51,Sorgo rolado,809,Sorgo molido,proxy,SNIIM no reporto 'Sorgo rolado' en el ultimo corte; se usa 'Sorgo molido' como aproximacion operativa.,México,Sorgo molido,2024-06-30,2024,6,5750.0,5.75,5500.0,6000.0,-,MX-SNIIM-MEXICO,,True,http://www.economia-sniim.gob.mx/SNIIM-Pecuarios-Nacionales/SelIng.asp,http://www.economia-sniim.gob.mx/SNIIM-Pecuarios-Nacionales/e_Ing.asp,"{""RegPag"": ""1000"", ""anio"": ""2024"", ""mes"": ""06"", ""origen"": ""0"", ""prod"": ""809""}"
7e07c643-982d-4236-9a70-3179c83afe51,Sorgo rolado,809,Sorgo molido,proxy,SNIIM no reporto 'Sorgo rolado' en el ultimo corte; se usa 'Sorgo molido' como aproximacion operativa.,Nuevo León,Sorgo molido,2024-06-30,2024,6,6450.0,6.45,6400.0,6500.0,-,MX-SNIIM-NUEVO_LEON,,True,http://www.economia-sniim.gob.mx/SNIIM-Pecuarios-Nacionales/SelIng.asp,http://www.economia-sniim.gob.mx/SNIIM-Pecuarios-Nacionales/e_Ing.asp,"{""RegPag"": ""1000"", ""anio"": ""2024"", ""mes"": ""06"", ""origen"": ""0"", ""prod"": ""809""}"
7e07c643-982d-4236-9a70-3179c83afe51,Sorgo rolado,809,Sorgo molido,proxy,SNIIM no reporto 'Sorgo rolado' en el ultimo corte; se usa 'Sorgo molido' como aproximacion operativa.,México,Sorgo molido,2024-07-31,2024,7,5625.0,5.625,5500.0,5750.0,-,MX-SNIIM-MEXICO,,True,http://www.economia-sniim.gob.mx/SNIIM-Pecuarios-Nacionales/SelIng.asp,http://www.economia-sniim.gob.mx/SNIIM-Pecuarios-Nacionales/e_Ing.asp,"{""RegPag"": ""1000"", ""anio"": ""2024"", ""mes"": ""07"", ""origen"": ""0"", ""prod"": ""809""}"
7e07c643-982d-4236-9a70-3179c83afe51,Sorgo rolado,809,Sorgo molido,proxy,SNIIM no reporto 'Sorgo rolado' en el ultimo corte; se usa 'Sorgo molido' como aproximacion operativa.,Nuevo León,Sorgo molido,2024-07-31,2024,7,6450.0,6.45,6400.0,6500.0,-,MX-SNIIM-NUEVO_LEON,,True,http://www.economia-sniim.gob.mx/SNIIM-Pecuarios-Nacionales/SelIng.asp,http://www.economia-sniim.gob.mx/SNIIM-Pecuarios-Nacionales/e_Ing.asp,"{""RegPag"": ""1000"", ""anio"": ""2024"", ""mes"": ""07"", ""origen"": ""0"", ""prod"": ""809""}"
7e07c643-982d-4236-9a70-3179c83afe51,Sorgo rolado,809,Sorgo molido,proxy,SNIIM no reporto 'Sorgo rolado' en el ultimo corte; se usa 'Sorgo molido' como aproximacion operativa.,México,Sorgo molido,2024-08-31,2024,8,5625.0,5.625,5500.0,5750.0,-,MX-SNIIM-MEXICO,,True,http://www.economia-sniim.gob.mx/SNIIM-Pecuarios-Nacionales/SelIng.asp,http://www.economia-sniim.gob.mx/SNIIM-Pecuarios-Nacionales/e_Ing.asp,"{""RegPag"": ""1000"", ""anio"": ""2024"", ""mes"": ""08"", ""origen"": ""0"", ""prod"": ""809""}"
7e07c643-982d-4236-9a70-3179c83afe51,Sorgo rolado,809,Sorgo molido,proxy,SNIIM no reporto 'Sorgo rolado' en el ultimo corte; se usa 'Sorgo molido' como aproximacion operativa.,Nuevo León,Sorgo molido,2024-08-31,2024,8,5125.0,5.125,5000.0,5250.0,-,MX-SNIIM-NUEVO_LEON,,True,http://www.economia-sniim.gob.mx/SNIIM-Pecuarios-Nacionales/SelIng.asp,http://www.economia-sniim.gob.mx/SNIIM-Pecuarios-Nacionales/e_Ing.asp,"{""RegPag"": ""1000"", ""anio"": ""2024"", ""mes"": ""08"", ""origen"": ""0"", ""prod"": ""809""}"
7e07c643-982d-4236-9a70-3179c83afe51,Sorgo rolado,809,Sorgo molido,proxy,SNIIM no reporto 'Sorgo rolado' en el ultimo corte; se usa 'Sorgo molido' como aproximacion operativa.,México,Sorgo molido,2024-09-30,2024,9,5625.0,5.625,5500.0,5750.0,-,MX-SNIIM-MEXICO,,True,http://www.economia-sniim.gob.mx/SNIIM-Pecuarios-Nacionales/SelIng.asp,http://www.economia-sniim.gob.mx/SNIIM-Pecuarios-Nacionales/e_Ing.asp,"{""RegPag"": ""1000"", ""anio"": ""2024"", ""mes"": ""09"", ""origen"": ""0"", ""prod"": ""809""}"
7e07c643-982d-4236-9a70-3179c83afe51,Sorgo rolado,809,Sorgo molido,proxy,SNIIM no reporto 'Sorgo rolado' en el ultimo corte; se usa 'Sorgo molido' como aproximacion operativa.,Nuevo León,Sorgo molido,2024-09-30,2024,9,5350.0,5.35,5000.0,5700.0,-,MX-SNIIM-NUEVO_LEON,,True,http://www.economia-sniim.gob.mx/SNIIM-Pecuarios-Nacionales/SelIng.asp,http://www.economia-sniim.gob.mx/SNIIM-Pecuarios-Nacionales/e_Ing.asp,"{""RegPag"": ""1000"", ""anio"": ""2024"", ""mes"": ""09"", ""origen"": ""0"", ""prod"": ""809""}"
7e07c643-982d-4236-9a70-3179c83afe51,Sorgo rolado,809,Sorgo molido,proxy,SNIIM no reporto 'Sorgo rolado' en el ultimo corte; se usa 'Sorgo molido' como aproximacion operativa.,México,Sorgo molido,2024-10-31,2024,10,5625.0,5.625,5500.0,5750.0,-,MX-SNIIM-MEXICO,,True,http://www.economia-sniim.gob.mx/SNIIM-Pecuarios-Nacionales/SelIng.asp,http://www.economia-sniim.gob.mx/SNIIM-Pecuarios-Nacionales/e_Ing.asp,"{""RegPag"": ""1000"", ""anio"": ""2024"", ""mes"": ""10"", ""origen"": ""0"", ""prod"": ""809""}"
7e07c643-982d-4236-9a70-3179c83afe51,Sorgo rolado,809,Sorgo molido,proxy,SNIIM no reporto 'Sorgo rolado' en el ultimo corte; se usa 'Sorgo molido' como aproximacion operativa.,Nuevo León,Sorgo molido,2024-10-31,2024,10,5350.0,5.35,5000.0,5700.0,-,MX-SNIIM-NUEVO_LEON,,True,http://www.economia-sniim.gob.mx/SNIIM-Pecuarios-Nacionales/SelIng.asp,http://www.economia-sniim.gob.mx/SNIIM-Pecuarios-Nacionales/e_Ing.asp,"{""RegPag"": ""1000"", ""anio"": ""2024"", ""mes"": ""10"", ""origen"": ""0"", ""prod"": ""809""}"
7e07c643-982d-4236-9a70-3179c83afe51,Sorgo rolado,809,Sorgo molido,proxy,SNIIM no reporto 'Sorgo rolado' en el ultimo corte; se usa 'Sorgo molido' como aproximacion operativa.,México,Sorgo molido,2024-11-30,2024,11,5625.0,5.625,5500.0,5750.0,-,MX-SNIIM-MEXICO,,True,http://www.economia-sniim.gob.mx/SNIIM-Pecuarios-Nacionales/SelIng.asp,http://www.economia-sniim.gob.mx/SNIIM-Pecuarios-Nacionales/e_Ing.asp,"{""RegPag"": ""1000"", ""anio"": ""2024"", ""mes"": ""11"", ""origen"": ""0"", ""prod"": ""809""}"
7e07c643-982d-4236-9a70-3179c83afe51,Sorgo rolado,809,Sorgo molido,proxy,SNIIM no reporto 'Sorgo rolado' en el ultimo corte; se usa 'Sorgo molido' como aproximacion operativa.,Nuevo León,Sorgo molido,2024-11-30,2024,11,5415.0,5.415,5000.0,5830.0,-,MX-SNIIM-NUEVO_LEON,,True,http://www.economia-sniim.gob.mx/SNIIM-Pecuarios-Nacionales/SelIng.asp,http://www.economia-sniim.gob.mx/SNIIM-Pecuarios-Nacionales/e_Ing.asp,"{""RegPag"": ""1000"", ""anio"": ""2024"", ""mes"": ""11"", ""origen"": ""0"", ""prod"": ""809""}"
7e07c643-982d-4236-9a70-3179c83afe51,Sorgo rolado,809,Sorgo molido,proxy,SNIIM no reporto 'Sorgo rolado' en el ultimo corte; se usa 'Sorgo molido' como aproximacion operativa.,México,Sorgo molido,2024-12-31,2024,12,5750.0,5.75,5500.0,6000.0,-,MX-SNIIM-MEXICO,,True,http://www.economia-sniim.gob.mx/SNIIM-Pecuarios-Nacionales/SelIng.asp,http://www.economia-sniim.gob.mx/SNIIM-Pecuarios-Nacionales/e_Ing.asp,"{""RegPag"": ""1000"", ""anio"": ""2024"", ""mes"": ""12"", ""origen"": ""0"", ""prod"": ""809""}"
7e07c643-982d-4236-9a70-3179c83afe51,Sorgo rolado,809,Sorgo molido,proxy,SNIIM no reporto 'Sorgo rolado' en el ultimo corte; se usa 'Sorgo molido' como aproximacion operativa.,Nuevo León,Sorgo molido,2024-12-31,2024,12,5415.0,5.415,5000.0,5830.0,-,MX-SNIIM-NUEVO_LEON,,True,http://www.economia-sniim.gob.mx/SNIIM-Pecuarios-Nacionales/SelIng.asp,http://www.economia-sniim.gob.mx/SNIIM-Pecuarios-Nacionales/e_Ing.asp,"{""RegPag"": ""1000"", ""anio"": ""2024"", ""mes"": ""12"", ""origen"": ""0"", ""prod"": ""809""}"
7e07c643-982d-4236-9a70-3179c83afe51,Sorgo rolado,809,Sorgo molido,proxy,SNIIM no reporto 'Sorgo rolado' en el ultimo corte; se usa 'Sorgo molido' como aproximacion operativa.,México,Sorgo molido,2025-01-31,2025,1,5750.0,5.75,5500.0,6000.0,-,MX-SNIIM-MEXICO,,True,http://www.economia-sniim.gob.mx/SNIIM-Pecuarios-Nacionales/SelIng.asp,http://www.economia-sniim.gob.mx/SNIIM-Pecuarios-Nacionales/e_Ing.asp,"{""RegPag"": ""1000"", ""anio"": ""2025"", ""mes"": ""01"", ""origen"": ""0"", ""prod"": ""809""}"
7e07c643-982d-4236-9a70-3179c83afe51,Sorgo rolado,809,Sorgo molido,proxy,SNIIM no reporto 'Sorgo rolado' en el ultimo corte; se usa 'Sorgo molido' como aproximacion operativa.,Nuevo León,Sorgo molido,2025-01-31,2025,1,5520.0,5.52,5000.0,6040.0,-,MX-SNIIM-NUEVO_LEON,,True,http://www.economia-sniim.gob.mx/SNIIM-Pecuarios-Nacionales/SelIng.asp,http://www.economia-sniim.gob.mx/SNIIM-Pecuarios-Nacionales/e_Ing.asp,"{""RegPag"": ""1000"", ""anio"": ""2025"", ""mes"": ""01"", ""origen"": ""0"", ""prod"": ""809""}"
7e07c643-982d-4236-9a70-3179c83afe51,Sorgo rolado,809,Sorgo molido,proxy,SNIIM no reporto 'Sorgo rolado' en el ultimo corte; se usa 'Sorgo molido' como aproximacion operativa.,México,Sorgo molido,2025-02-28,2025,2,5750.0,5.75,5500.0,6000.0,-,MX-SNIIM-MEXICO,,True,http://www.economia-sniim.gob.mx/SNIIM-Pecuarios-Nacionales/SelIng.asp,http://www.economia-sniim.gob.mx/SNIIM-Pecuarios-Nacionales/e_Ing.asp,"{""RegPag"": ""1000"", ""anio"": ""2025"", ""mes"": ""02"", ""origen"": ""0"", ""prod"": ""809""}"
7e07c643-982d-4236-9a70-3179c83afe51,Sorgo rolado,809,Sorgo molido,proxy,SNIIM no reporto 'Sorgo rolado' en el ultimo corte; se usa 'Sorgo molido' como aproximacion operativa.,Nuevo León,Sorgo molido,2025-02-28,2025,2,5840.0,5.84,5000.0,6680.0,-,MX-SNIIM-NUEVO_LEON,,True,http://www.economia-sniim.gob.mx/SNIIM-Pecuarios-Nacionales/SelIng.asp,http://www.economia-sniim.gob.mx/SNIIM-Pecuarios-Nacionales/e_Ing.asp,"{""RegPag"": ""1000"", ""anio"": ""2025"", ""mes"": ""02"", ""origen"": ""0"", ""prod"": ""809""}"
7e07c643-982d-4236-9a70-3179c83afe51,Sorgo rolado,809,Sorgo molido,proxy,SNIIM no reporto 'Sorgo rolado' en el ultimo corte; se usa 'Sorgo molido' como aproximacion operativa.,México,Sorgo molido,2025-03-31,2025,3,7250.0,7.25,7000.0,7500.0,-,MX-SNIIM-MEXICO,,True,http://www.economia-sniim.gob.mx/SNIIM-Pecuarios-Nacionales/SelIng.asp,http://www.economia-sniim.gob.mx/SNIIM-Pecuarios-Nacionales/e_Ing.asp,"{""RegPag"": ""1000"", ""anio"": ""2025"", ""mes"": ""03"", ""origen"": ""0"", ""prod"": ""809""}"
7e07c643-982d-4236-9a70-3179c83afe51,Sorgo rolado,809,Sorgo molido,proxy,SNIIM no reporto 'Sorgo rolado' en el ultimo corte; se usa 'Sorgo molido' como aproximacion operativa.,Nuevo León,Sorgo molido,2025-03-31,2025,3,5840.0,5.84,5000.0,6680.0,-,MX-SNIIM-NUEVO_LEON,,True,http://www.economia-sniim.gob.mx/SNIIM-Pecuarios-Nacionales/SelIng.asp,http://www.economia-sniim.gob.mx/SNIIM-Pecuarios-Nacionales/e_Ing.asp,"{""RegPag"": ""1000"", ""anio"": ""2025"", ""mes"": ""03"", ""origen"": ""0"", ""prod"": ""809""}"
7e07c643-982d-4236-9a70-3179c83afe51,Sorgo rolado,809,Sorgo molido,proxy,SNIIM no reporto 'Sorgo rolado' en el ultimo corte; se usa 'Sorgo molido' como aproximacion operativa.,México,Sorgo molido,2025-04-30,2025,4,7250.0,7.25,7000.0,7500.0,-,MX-SNIIM-MEXICO,,True,http://www.economia-sniim.gob.mx/SNIIM-Pecuarios-Nacionales/SelIng.asp,http://www.economia-sniim.gob.mx/SNIIM-Pecuarios-Nacionales/e_Ing.asp,"{""RegPag"": ""1000"", ""anio"": ""2025"", ""mes"": ""04"", ""origen"": ""0"", ""prod"": ""809""}"
7e07c643-982d-4236-9a70-3179c83afe51,Sorgo rolado,809,Sorgo molido,proxy,SNIIM no reporto 'Sorgo rolado' en el ultimo corte; se usa 'Sorgo molido' como aproximacion operativa.,Nuevo León,Sorgo molido,2025-04-30,2025,4,5840.0,5.84,5000.0,6680.0,-,MX-SNIIM-NUEVO_LEON,,True,http://www.economia-sniim.gob.mx/SNIIM-Pecuarios-Nacionales/SelIng.asp,http://www.economia-sniim.gob.mx/SNIIM-Pecuarios-Nacionales/e_Ing.asp,"{""RegPag"": ""1000"", ""anio"": ""2025"", ""mes"": ""04"", ""origen"": ""0"", ""prod"": ""809""}"
7e07c643-982d-4236-9a70-3179c83afe51,Sorgo rolado,809,Sorgo molido,proxy,SNIIM no reporto 'Sorgo rolado' en el ultimo corte; se usa 'Sorgo molido' como aproximacion operativa.,México,Sorgo molido,2025-05-31,2025,5,7250.0,7.25,7000.0,7500.0,-,MX-SNIIM-MEXICO,,True,http://www.economia-sniim.gob.mx/SNIIM-Pecuarios-Nacionales/SelIng.asp,http://www.economia-sniim.gob.mx/SNIIM-Pecuarios-Nacionales/e_Ing.asp,"{""RegPag"": ""1000"", ""anio"": ""2025"", ""mes"": ""05"", ""origen"": ""0"", ""prod"": ""809""}"
7e07c643-982d-4236-9a70-3179c83afe51,Sorgo rolado,809,Sorgo molido,proxy,SNIIM no reporto 'Sorgo rolado' en el ultimo corte; se usa 'Sorgo molido' como aproximacion operativa.,Nuevo León,Sorgo molido,2025-05-31,2025,5,6710.0,6.71,6700.0,6720.0,-,MX-SNIIM-NUEVO_LEON,,True,http://www.economia-sniim.gob.mx/SNIIM-Pecuarios-Nacionales/SelIng.asp,http://www.economia-sniim.gob.mx/SNIIM-Pecuarios-Nacionales/e_Ing.asp,"{""RegPag"": ""1000"", ""anio"": ""2025"", ""mes"": ""05"", ""origen"": ""0"", ""prod"": ""809""}"
7e07c643-982d-4236-9a70-3179c83afe51,Sorgo rolado,809,Sorgo molido,proxy,SNIIM no reporto 'Sorgo rolado' en el ultimo corte; se usa 'Sorgo molido' como aproximacion operativa.,México,Sorgo molido,2025-06-30,2025,6,5300.0,5.3,5000.0,5600.0,-,MX-SNIIM-MEXICO,,True,http://www.economia-sniim.gob.mx/SNIIM-Pecuarios-Nacionales/SelIng.asp,http://www.economia-sniim.gob.mx/SNIIM-Pecuarios-Nacionales/e_Ing.asp,"{""RegPag"": ""1000"", ""anio"": ""2025"", ""mes"": ""06"", ""origen"": ""0"", ""prod"": ""809""}"
7e07c643-982d-4236-9a70-3179c83afe51,Sorgo rolado,809,Sorgo molido,proxy,SNIIM no reporto 'Sorgo rolado' en el ultimo corte; se usa 'Sorgo molido' como aproximacion operativa.,Nuevo León,Sorgo molido,2025-06-30,2025,6,6710.0,6.71,6700.0,6720.0,-,MX-SNIIM-NUEVO_LEON,,True,http://www.economia-sniim.gob.mx/SNIIM-Pecuarios-Nacionales/SelIng.asp,http://www.economia-sniim.gob.mx/SNIIM-Pecuarios-Nacionales/e_Ing.asp,"{""RegPag"": ""1000"", ""anio"": ""2025"", ""mes"": ""06"", ""origen"": ""0"", ""prod"": ""809""}"
7e07c643-982d-4236-9a70-3179c83afe51,Sorgo rolado,809,Sorgo molido,proxy,SNIIM no reporto 'Sorgo rolado' en el ultimo corte; se usa 'Sorgo molido' como aproximacion operativa.,México,Sorgo molido,2025-07-31,2025,7,6100.0,6.1,6000.0,6200.0,-,MX-SNIIM-MEXICO,,True,http://www.economia-sniim.gob.mx/SNIIM-Pecuarios-Nacionales/SelIng.asp,http://www.economia-sniim.gob.mx/SNIIM-Pecuarios-Nacionales/e_Ing.asp,"{""RegPag"": ""1000"", ""anio"": ""2025"", ""mes"": ""07"", ""origen"": ""0"", ""prod"": ""809""}"
7e07c643-982d-4236-9a70-3179c83afe51,Sorgo rolado,809,Sorgo molido,proxy,SNIIM no reporto 'Sorgo rolado' en el ultimo corte; se usa 'Sorgo molido' como aproximacion operativa.,Nuevo León,Sorgo molido,2025-07-31,2025,7,5950.0,5.95,5200.0,6700.0,-,MX-SNIIM-NUEVO_LEON,,True,http://www.economia-sniim.gob.mx/SNIIM-Pecuarios-Nacionales/SelIng.asp,http://www.economia-sniim.gob.mx/SNIIM-Pecuarios-Nacionales/e_Ing.asp,"{""RegPag"": ""1000"", ""anio"": ""2025"", ""mes"": ""07"", ""origen"": ""0"", ""prod"": ""809""}"
7e07c643-982d-4236-9a70-3179c83afe51,Sorgo rolado,809,Sorgo molido,proxy,SNIIM no reporto 'Sorgo rolado' en el ultimo corte; se usa 'Sorgo molido' como aproximacion operativa.,México,Sorgo molido,2025-08-31,2025,8,6100.0,6.1,6000.0,6200.0,-,MX-SNIIM-MEXICO,,True,http://www.economia-sniim.gob.mx/SNIIM-Pecuarios-Nacionales/SelIng.asp,http://www.economia-sniim.gob.mx/SNIIM-Pecuarios-Nacionales/e_Ing.asp,"{""RegPag"": ""1000"", ""anio"": ""2025"", ""mes"": ""08"", ""origen"": ""0"", ""prod"": ""809""}"
7e07c643-982d-4236-9a70-3179c83afe51,Sorgo rolado,809,Sorgo molido,proxy,SNIIM no reporto 'Sorgo rolado' en el ultimo corte; se usa 'Sorgo molido' como aproximacion operativa.,Nuevo León,Sorgo molido,2025-08-31,2025,8,5200.0,5.2,5200.0,5200.0,-,MX-SNIIM-NUEVO_LEON,,True,http://www.economia-sniim.gob.mx/SNIIM-Pecuarios-Nacionales/SelIng.asp,http://www.economia-sniim.gob.mx/SNIIM-Pecuarios-Nacionales/e_Ing.asp,"{""RegPag"": ""1000"", ""anio"": ""2025"", ""mes"": ""08"", ""origen"": ""0"", ""prod"": ""809""}"
7e07c643-982d-4236-9a70-3179c83afe51,Sorgo rolado,809,Sorgo molido,proxy,SNIIM no reporto 'Sorgo rolado' en el ultimo corte; se usa 'Sorgo molido' como aproximacion operativa.,México,Sorgo molido,2025-09-30,2025,9,7625.0,7.625,7500.0,7750.0,-,MX-SNIIM-MEXICO,,True,http://www.economia-sniim.gob.mx/SNIIM-Pecuarios-Nacionales/SelIng.asp,http://www.economia-sniim.gob.mx/SNIIM-Pecuarios-Nacionales/e_Ing.asp,"{""RegPag"": ""1000"", ""anio"": ""2025"", ""mes"": ""09"", ""origen"": ""0"", ""prod"": ""809""}"
7e07c643-982d-4236-9a70-3179c83afe51,Sorgo rolado,809,Sorgo molido,proxy,SNIIM no reporto 'Sorgo rolado' en el ultimo corte; se usa 'Sorgo molido' como aproximacion operativa.,Nuevo León,Sorgo molido,2025-09-30,2025,9,5200.0,5.2,5200.0,5200.0,-,MX-SNIIM-NUEVO_LEON,,True,http://www.economia-sniim.gob.mx/SNIIM-Pecuarios-Nacionales/SelIng.asp,http://www.economia-sniim.gob.mx/SNIIM-Pecuarios-Nacionales/e_Ing.asp,"{""RegPag"": ""1000"", ""anio"": ""2025"", ""mes"": ""09"", ""origen"": ""0"", ""prod"": ""809""}"
7e07c643-982d-4236-9a70-3179c83afe51,Sorgo rolado,809,Sorgo molido,proxy,SNIIM no reporto 'Sorgo rolado' en el ultimo corte; se usa 'Sorgo molido' como aproximacion operativa.,México,Sorgo molido,2025-10-31,2025,10,7625.0,7.625,7500.0,7750.0,-,MX-SNIIM-MEXICO,,True,http://www.economia-sniim.gob.mx/SNIIM-Pecuarios-Nacionales/SelIng.asp,http://www.economia-sniim.gob.mx/SNIIM-Pecuarios-Nacionales/e_Ing.asp,"{""RegPag"": ""1000"", ""anio"": ""2025"", ""mes"": ""10"", ""origen"": ""0"", ""prod"": ""809""}"
7e07c643-982d-4236-9a70-3179c83afe51,Sorgo rolado,809,Sorgo molido,proxy,SNIIM no reporto 'Sorgo rolado' en el ultimo corte; se usa 'Sorgo molido' como aproximacion operativa.,Nuevo León,Sorgo molido,2025-10-31,2025,10,5200.0,5.2,5200.0,5200.0,-,MX-SNIIM-NUEVO_LEON,,True,http://www.economia-sniim.gob.mx/SNIIM-Pecuarios-Nacionales/SelIng.asp,http://www.economia-sniim.gob.mx/SNIIM-Pecuarios-Nacionales/e_Ing.asp,"{""RegPag"": ""1000"", ""anio"": ""2025"", ""mes"": ""10"", ""origen"": ""0"", ""prod"": ""809""}"
7e07c643-982d-4236-9a70-3179c83afe51,Sorgo rolado,809,Sorgo molido,proxy,SNIIM no reporto 'Sorgo rolado' en el ultimo corte; se usa 'Sorgo molido' como aproximacion operativa.,México,Sorgo molido,2025-11-30,2025,11,5750.0,5.75,5500.0,6000.0,-,MX-SNIIM-MEXICO,,True,http://www.economia-sniim.gob.mx/SNIIM-Pecuarios-Nacionales/SelIng.asp,http://www.economia-sniim.gob.mx/SNIIM-Pecuarios-Nacionales/e_Ing.asp,"{""RegPag"": ""1000"", ""anio"": ""2025"", ""mes"": ""11"", ""origen"": ""0"", ""prod"": ""809""}"
7e07c643-982d-4236-9a70-3179c83afe51,Sorgo rolado,809,Sorgo molido,proxy,SNIIM no reporto 'Sorgo rolado' en el ultimo corte; se usa 'Sorgo molido' como aproximacion operativa.,Nuevo León,Sorgo molido,2025-11-30,2025,11,5740.0,5.74,5560.0,5920.0,-,MX-SNIIM-NUEVO_LEON,,True,http://www.economia-sniim.gob.mx/SNIIM-Pecuarios-Nacionales/SelIng.asp,http://www.economia-sniim.gob.mx/SNIIM-Pecuarios-Nacionales/e_Ing.asp,"{""RegPag"": ""1000"", ""anio"": ""2025"", ""mes"": ""11"", ""origen"": ""0"", ""prod"": ""809""}"
7e07c643-982d-4236-9a70-3179c83afe51,Sorgo rolado,809,Sorgo molido,proxy,SNIIM no reporto 'Sorgo rolado' en el ultimo corte; se usa 'Sorgo molido' como aproximacion operativa.,México,Sorgo molido,2025-12-31,2025,12,5750.0,5.75,5500.0,6000.0,-,MX-SNIIM-MEXICO,,True,http://www.economia-sniim.gob.mx/SNIIM-Pecuarios-Nacionales/SelIng.asp,http://www.economia-sniim.gob.mx/SNIIM-Pecuarios-Nacionales/e_Ing.asp,"{""RegPag"": ""1000"", ""anio"": ""2025"", ""mes"": ""12"", ""origen"": ""0"", ""prod"": ""809""}"
7e07c643-982d-4236-9a70-3179c83afe51,Sorgo rolado,809,Sorgo molido,proxy,SNIIM no reporto 'Sorgo rolado' en el ultimo corte; se usa 'Sorgo molido' como aproximacion operativa.,Nuevo León,Sorgo molido,2025-12-31,2025,12,5740.0,5.74,5560.0,5920.0,-,MX-SNIIM-NUEVO_LEON,,True,http://www.economia-sniim.gob.mx/SNIIM-Pecuarios-Nacionales/SelIng.asp,http://www.economia-sniim.gob.mx/SNIIM-Pecuarios-Nacionales/e_Ing.asp,"{""RegPag"": ""1000"", ""anio"": ""2025"", ""mes"": ""12"", ""origen"": ""0"", ""prod"": ""809""}"
7e07c643-982d-4236-9a70-3179c83afe51,Sorgo rolado,809,Sorgo molido,proxy,SNIIM no reporto 'Sorgo rolado' en el ultimo corte; se usa 'Sorgo molido' como aproximacion operativa.,México,Sorgo molido,2026-01-31,2026,1,5750.0,5.75,5500.0,6000.0,-,MX-SNIIM-MEXICO,,True,http://www.economia-sniim.gob.mx/SNIIM-Pecuarios-Nacionales/SelIng.asp,http://www.economia-sniim.gob.mx/SNIIM-Pecuarios-Nacionales/e_Ing.asp,"{""RegPag"": ""1000"", ""anio"": ""2026"", ""mes"": ""01"", ""origen"": ""0"", ""prod"": ""809""}"
7e07c643-982d-4236-9a70-3179c83afe51,Sorgo rolado,809,Sorgo molido,proxy,SNIIM no reporto 'Sorgo rolado' en el ultimo corte; se usa 'Sorgo molido' como aproximacion operativa.,Nuevo León,Sorgo molido,2026-01-31,2026,1,5440.0,5.44,5440.0,5440.0,-,MX-SNIIM-NUEVO_LEON,,True,http://www.economia-sniim.gob.mx/SNIIM-Pecuarios-Nacionales/SelIng.asp,http://www.economia-sniim.gob.mx/SNIIM-Pecuarios-Nacionales/e_Ing.asp,"{""RegPag"": ""1000"", ""anio"": ""2026"", ""mes"": ""01"", ""origen"": ""0"", ""prod"": ""809""}"
7e07c643-982d-4236-9a70-3179c83afe51,Sorgo rolado,809,Sorgo molido,proxy,SNIIM no reporto 'Sorgo rolado' en el ultimo corte; se usa 'Sorgo molido' como aproximacion operativa.,México,Sorgo molido,2026-02-28,2026,2,5750.0,5.75,5500.0,6000.0,-,MX-SNIIM-MEXICO,,True,http://www.economia-sniim.gob.mx/SNIIM-Pecuarios-Nacionales/SelIng.asp,http://www.economia-sniim.gob.mx/SNIIM-Pecuarios-Nacionales/e_Ing.asp,"{""RegPag"": ""1000"", ""anio"": ""2026"", ""mes"": ""02"", ""origen"": ""0"", ""prod"": ""809""}"
7e07c643-982d-4236-9a70-3179c83afe51,Sorgo rolado,809,Sorgo molido,proxy,SNIIM no reporto 'Sorgo rolado' en el ultimo corte; se usa 'Sorgo molido' como aproximacion operativa.,Nuevo León,Sorgo molido,2026-02-28,2026,2,5400.0,5.4,5400.0,5400.0,-,MX-SNIIM-NUEVO_LEON,,True,http://www.economia-sniim.gob.mx/SNIIM-Pecuarios-Nacionales/SelIng.asp,http://www.economia-sniim.gob.mx/SNIIM-Pecuarios-Nacionales/e_Ing.asp,"{""RegPag"": ""1000"", ""anio"": ""2026"", ""mes"": ""02"", ""origen"": ""0"", ""prod"": ""809""}"
3f0602c8-17bf-4120-9672-b592e7fd061f,Urea pecuaria,863,Urea,exact,,Jalisco,Urea,2024-01-31,2024,1,450.0,0.45,450.0,450.0,-,MX-SNIIM-JALISCO,OUTLIER_VS_MONTH_MEDIAN,False,http://www.economia-sniim.gob.mx/SNIIM-Pecuarios-Nacionales/SelIng.asp,http://www.economia-sniim.gob.mx/SNIIM-Pecuarios-Nacionales/e_Ing.asp,"{""RegPag"": ""1000"", ""anio"": ""2024"", ""mes"": ""01"", ""origen"": ""0"", ""prod"": ""863""}"
3f0602c8-17bf-4120-9672-b592e7fd061f,Urea pecuaria,863,Urea,exact,,La Laguna,Urea,2024-01-31,2024,1,31000.0,31.0,31000.0,31000.0,-,MX-SNIIM-LA_LAGUNA,,True,http://www.economia-sniim.gob.mx/SNIIM-Pecuarios-Nacionales/SelIng.asp,http://www.economia-sniim.gob.mx/SNIIM-Pecuarios-Nacionales/e_Ing.asp,"{""RegPag"": ""1000"", ""anio"": ""2024"", ""mes"": ""01"", ""origen"": ""0"", ""prod"": ""863""}"
3f0602c8-17bf-4120-9672-b592e7fd061f,Urea pecuaria,863,Urea,exact,,Nuevo León,Urea,2024-01-31,2024,1,11800.0,11.8,11800.0,11800.0,-,MX-SNIIM-NUEVO_LEON,,True,http://www.economia-sniim.gob.mx/SNIIM-Pecuarios-Nacionales/SelIng.asp,http://www.economia-sniim.gob.mx/SNIIM-Pecuarios-Nacionales/e_Ing.asp,"{""RegPag"": ""1000"", ""anio"": ""2024"", ""mes"": ""01"", ""origen"": ""0"", ""prod"": ""863""}"
3f0602c8-17bf-4120-9672-b592e7fd061f,Urea pecuaria,863,Urea,exact,,Jalisco,Urea,2024-02-29,2024,2,460.0,0.46,460.0,460.0,DOLARES,MX-SNIIM-JALISCO,OUTLIER_VS_MONTH_MEDIAN,False,http://www.economia-sniim.gob.mx/SNIIM-Pecuarios-Nacionales/SelIng.asp,http://www.economia-sniim.gob.mx/SNIIM-Pecuarios-Nacionales/e_Ing.asp,"{""RegPag"": ""1000"", ""anio"": ""2024"", ""mes"": ""02"", ""origen"": ""0"", ""prod"": ""863""}"
3f0602c8-17bf-4120-9672-b592e7fd061f,Urea pecuaria,863,Urea,exact,,La Laguna,Urea,2024-02-29,2024,2,31000.0,31.0,31000.0,31000.0,-,MX-SNIIM-LA_LAGUNA,,True,http://www.economia-sniim.gob.mx/SNIIM-Pecuarios-Nacionales/SelIng.asp,http://www.economia-sniim.gob.mx/SNIIM-Pecuarios-Nacionales/e_Ing.asp,"{""RegPag"": ""1000"", ""anio"": ""2024"", ""mes"": ""02"", ""origen"": ""0"", ""prod"": ""863""}"
3f0602c8-17bf-4120-9672-b592e7fd061f,Urea pecuaria,863,Urea,exact,,Nuevo León,Urea,2024-02-29,2024,2,11800.0,11.8,11800.0,11800.0,-,MX-SNIIM-NUEVO_LEON,,True,http://www.economia-sniim.gob.mx/SNIIM-Pecuarios-Nacionales/SelIng.asp,http://www.economia-sniim.gob.mx/SNIIM-Pecuarios-Nacionales/e_Ing.asp,"{""RegPag"": ""1000"", ""anio"": ""2024"", ""mes"": ""02"", ""origen"": ""0"", ""prod"": ""863""}"
3f0602c8-17bf-4120-9672-b592e7fd061f,Urea pecuaria,863,Urea,exact,,Jalisco,Urea,2024-03-31,2024,3,460.0,0.46,460.0,460.0,DOLARES,MX-SNIIM-JALISCO,OUTLIER_VS_MONTH_MEDIAN,False,http://www.economia-sniim.gob.mx/SNIIM-Pecuarios-Nacionales/SelIng.asp,http://www.economia-sniim.gob.mx/SNIIM-Pecuarios-Nacionales/e_Ing.asp,"{""RegPag"": ""1000"", ""anio"": ""2024"", ""mes"": ""03"", ""origen"": ""0"", ""prod"": ""863""}"
3f0602c8-17bf-4120-9672-b592e7fd061f,Urea pecuaria,863,Urea,exact,,La Laguna,Urea,2024-03-31,2024,3,31000.0,31.0,31000.0,31000.0,-,MX-SNIIM-LA_LAGUNA,,True,http://www.economia-sniim.gob.mx/SNIIM-Pecuarios-Nacionales/SelIng.asp,http://www.economia-sniim.gob.mx/SNIIM-Pecuarios-Nacionales/e_Ing.asp,"{""RegPag"": ""1000"", ""anio"": ""2024"", ""mes"": ""03"", ""origen"": ""0"", ""prod"": ""863""}"
3f0602c8-17bf-4120-9672-b592e7fd061f,Urea pecuaria,863,Urea,exact,,Nuevo León,Urea,2024-03-31,2024,3,11910.0,11.91,11910.0,11910.0,-,MX-SNIIM-NUEVO_LEON,,True,http://www.economia-sniim.gob.mx/SNIIM-Pecuarios-Nacionales/SelIng.asp,http://www.economia-sniim.gob.mx/SNIIM-Pecuarios-Nacionales/e_Ing.asp,"{""RegPag"": ""1000"", ""anio"": ""2024"", ""mes"": ""03"", ""origen"": ""0"", ""prod"": ""863""}"
3f0602c8-17bf-4120-9672-b592e7fd061f,Urea pecuaria,863,Urea,exact,,Jalisco,Urea,2024-04-30,2024,4,440.0,0.44,440.0,440.0,DOLARES,MX-SNIIM-JALISCO,OUTLIER_VS_MONTH_MEDIAN,False,http://www.economia-sniim.gob.mx/SNIIM-Pecuarios-Nacionales/SelIng.asp,http://www.economia-sniim.gob.mx/SNIIM-Pecuarios-Nacionales/e_Ing.asp,"{""RegPag"": ""1000"", ""anio"": ""2024"", ""mes"": ""04"", ""origen"": ""0"", ""prod"": ""863""}"
3f0602c8-17bf-4120-9672-b592e7fd061f,Urea pecuaria,863,Urea,exact,,La Laguna,Urea,2024-04-30,2024,4,31000.0,31.0,31000.0,31000.0,-,MX-SNIIM-LA_LAGUNA,,True,http://www.economia-sniim.gob.mx/SNIIM-Pecuarios-Nacionales/SelIng.asp,http://www.economia-sniim.gob.mx/SNIIM-Pecuarios-Nacionales/e_Ing.asp,"{""RegPag"": ""1000"", ""anio"": ""2024"", ""mes"": ""04"", ""origen"": ""0"", ""prod"": ""863""}"
3f0602c8-17bf-4120-9672-b592e7fd061f,Urea pecuaria,863,Urea,exact,,Nuevo León,Urea,2024-04-30,2024,4,11980.0,11.98,11980.0,11980.0,-,MX-SNIIM-NUEVO_LEON,,True,http://www.economia-sniim.gob.mx/SNIIM-Pecuarios-Nacionales/SelIng.asp,http://www.economia-sniim.gob.mx/SNIIM-Pecuarios-Nacionales/e_Ing.asp,"{""RegPag"": ""1000"", ""anio"": ""2024"", ""mes"": ""04"", ""origen"": ""0"", ""prod"": ""863""}"
3f0602c8-17bf-4120-9672-b592e7fd061f,Urea pecuaria,863,Urea,exact,,Jalisco,Urea,2024-05-31,2024,5,400.0,0.4,400.0,400.0,DOLARES,MX-SNIIM-JALISCO,OUTLIER_VS_MONTH_MEDIAN,False,http://www.economia-sniim.gob.mx/SNIIM-Pecuarios-Nacionales/SelIng.asp,http://www.economia-sniim.gob.mx/SNIIM-Pecuarios-Nacionales/e_Ing.asp,"{""RegPag"": ""1000"", ""anio"": ""2024"", ""mes"": ""05"", ""origen"": ""0"", ""prod"": ""863""}"
3f0602c8-17bf-4120-9672-b592e7fd061f,Urea pecuaria,863,Urea,exact,,La Laguna,Urea,2024-05-31,2024,5,31000.0,31.0,31000.0,31000.0,-,MX-SNIIM-LA_LAGUNA,,True,http://www.economia-sniim.gob.mx/SNIIM-Pecuarios-Nacionales/SelIng.asp,http://www.economia-sniim.gob.mx/SNIIM-Pecuarios-Nacionales/e_Ing.asp,"{""RegPag"": ""1000"", ""anio"": ""2024"", ""mes"": ""05"", ""origen"": ""0"", ""prod"": ""863""}"
3f0602c8-17bf-4120-9672-b592e7fd061f,Urea pecuaria,863,Urea,exact,,Nuevo León,Urea,2024-05-31,2024,5,11995.0,11.995,11890.0,12100.0,-,MX-SNIIM-NUEVO_LEON,,True,http://www.economia-sniim.gob.mx/SNIIM-Pecuarios-Nacionales/SelIng.asp,http://www.economia-sniim.gob.mx/SNIIM-Pecuarios-Nacionales/e_Ing.asp,"{""RegPag"": ""1000"", ""anio"": ""2024"", ""mes"": ""05"", ""origen"": ""0"", ""prod"": ""863""}"
3f0602c8-17bf-4120-9672-b592e7fd061f,Urea pecuaria,863,Urea,exact,,Jalisco,Urea,2024-06-30,2024,6,410.0,0.41,410.0,410.0,DLLS,MX-SNIIM-JALISCO,OUTLIER_VS_MONTH_MEDIAN,False,http://www.economia-sniim.gob.mx/SNIIM-Pecuarios-Nacionales/SelIng.asp,http://www.economia-sniim.gob.mx/SNIIM-Pecuarios-Nacionales/e_Ing.asp,"{""RegPag"": ""1000"", ""anio"": ""2024"", ""mes"": ""06"", ""origen"": ""0"", ""prod"": ""863""}"
3f0602c8-17bf-4120-9672-b592e7fd061f,Urea pecuaria,863,Urea,exact,,La Laguna,Urea,2024-06-30,2024,6,31000.0,31.0,31000.0,31000.0,-,MX-SNIIM-LA_LAGUNA,,True,http://www.economia-sniim.gob.mx/SNIIM-Pecuarios-Nacionales/SelIng.asp,http://www.economia-sniim.gob.mx/SNIIM-Pecuarios-Nacionales/e_Ing.asp,"{""RegPag"": ""1000"", ""anio"": ""2024"", ""mes"": ""06"", ""origen"": ""0"", ""prod"": ""863""}"
3f0602c8-17bf-4120-9672-b592e7fd061f,Urea pecuaria,863,Urea,exact,,Nuevo León,Urea,2024-06-30,2024,6,11945.0,11.945,11890.0,12000.0,-,MX-SNIIM-NUEVO_LEON,,True,http://www.economia-sniim.gob.mx/SNIIM-Pecuarios-Nacionales/SelIng.asp,http://www.economia-sniim.gob.mx/SNIIM-Pecuarios-Nacionales/e_Ing.asp,"{""RegPag"": ""1000"", ""anio"": ""2024"", ""mes"": ""06"", ""origen"": ""0"", ""prod"": ""863""}"
3f0602c8-17bf-4120-9672-b592e7fd061f,Urea pecuaria,863,Urea,exact,,Jalisco,Urea,2024-07-31,2024,7,415.0,0.415,415.0,415.0,DOLARES,MX-SNIIM-JALISCO,OUTLIER_VS_MONTH_MEDIAN,False,http://www.economia-sniim.gob.mx/SNIIM-Pecuarios-Nacionales/SelIng.asp,http://www.economia-sniim.gob.mx/SNIIM-Pecuarios-Nacionales/e_Ing.asp,"{""RegPag"": ""1000"", ""anio"": ""2024"", ""mes"": ""07"", ""origen"": ""0"", ""prod"": ""863""}"
3f0602c8-17bf-4120-9672-b592e7fd061f,Urea pecuaria,863,Urea,exact,,La Laguna,Urea,2024-07-31,2024,7,31000.0,31.0,31000.0,31000.0,-,MX-SNIIM-LA_LAGUNA,,True,http://www.economia-sniim.gob.mx/SNIIM-Pecuarios-Nacionales/SelIng.asp,http://www.economia-sniim.gob.mx/SNIIM-Pecuarios-Nacionales/e_Ing.asp,"{""RegPag"": ""1000"", ""anio"": ""2024"", ""mes"": ""07"", ""origen"": ""0"", ""prod"": ""863""}"
3f0602c8-17bf-4120-9672-b592e7fd061f,Urea pecuaria,863,Urea,exact,,Nuevo León,Urea,2024-07-31,2024,7,11945.0,11.945,11890.0,12000.0,-,MX-SNIIM-NUEVO_LEON,,True,http://www.economia-sniim.gob.mx/SNIIM-Pecuarios-Nacionales/SelIng.asp,http://www.economia-sniim.gob.mx/SNIIM-Pecuarios-Nacionales/e_Ing.asp,"{""RegPag"": ""1000"", ""anio"": ""2024"", ""mes"": ""07"", ""origen"": ""0"", ""prod"": ""863""}"
3f0602c8-17bf-4120-9672-b592e7fd061f,Urea pecuaria,863,Urea,exact,,Jalisco,Urea,2024-08-31,2024,8,410.0,0.41,410.0,410.0,DOLARES,MX-SNIIM-JALISCO,OUTLIER_VS_MONTH_MEDIAN,False,http://www.economia-sniim.gob.mx/SNIIM-Pecuarios-Nacionales/SelIng.asp,http://www.economia-sniim.gob.mx/SNIIM-Pecuarios-Nacionales/e_Ing.asp,"{""RegPag"": ""1000"", ""anio"": ""2024"", ""mes"": ""08"", ""origen"": ""0"", ""prod"": ""863""}"
3f0602c8-17bf-4120-9672-b592e7fd061f,Urea pecuaria,863,Urea,exact,,La Laguna,Urea,2024-08-31,2024,8,31000.0,31.0,31000.0,31000.0,-,MX-SNIIM-LA_LAGUNA,,True,http://www.economia-sniim.gob.mx/SNIIM-Pecuarios-Nacionales/SelIng.asp,http://www.economia-sniim.gob.mx/SNIIM-Pecuarios-Nacionales/e_Ing.asp,"{""RegPag"": ""1000"", ""anio"": ""2024"", ""mes"": ""08"", ""origen"": ""0"", ""prod"": ""863""}"
3f0602c8-17bf-4120-9672-b592e7fd061f,Urea pecuaria,863,Urea,exact,,Nuevo León,Urea,2024-08-31,2024,8,11945.0,11.945,11890.0,12000.0,-,MX-SNIIM-NUEVO_LEON,,True,http://www.economia-sniim.gob.mx/SNIIM-Pecuarios-Nacionales/SelIng.asp,http://www.economia-sniim.gob.mx/SNIIM-Pecuarios-Nacionales/e_Ing.asp,"{""RegPag"": ""1000"", ""anio"": ""2024"", ""mes"": ""08"", ""origen"": ""0"", ""prod"": ""863""}"
3f0602c8-17bf-4120-9672-b592e7fd061f,Urea pecuaria,863,Urea,exact,,Jalisco,Urea,2024-09-30,2024,9,420.0,0.42,420.0,420.0,DOLARES,MX-SNIIM-JALISCO,OUTLIER_VS_MONTH_MEDIAN,False,http://www.economia-sniim.gob.mx/SNIIM-Pecuarios-Nacionales/SelIng.asp,http://www.economia-sniim.gob.mx/SNIIM-Pecuarios-Nacionales/e_Ing.asp,"{""RegPag"": ""1000"", ""anio"": ""2024"", ""mes"": ""09"", ""origen"": ""0"", ""prod"": ""863""}"
3f0602c8-17bf-4120-9672-b592e7fd061f,Urea pecuaria,863,Urea,exact,,La Laguna,Urea,2024-09-30,2024,9,31000.0,31.0,31000.0,31000.0,-,MX-SNIIM-LA_LAGUNA,,True,http://www.economia-sniim.gob.mx/SNIIM-Pecuarios-Nacionales/SelIng.asp,http://www.economia-sniim.gob.mx/SNIIM-Pecuarios-Nacionales/e_Ing.asp,"{""RegPag"": ""1000"", ""anio"": ""2024"", ""mes"": ""09"", ""origen"": ""0"", ""prod"": ""863""}"
3f0602c8-17bf-4120-9672-b592e7fd061f,Urea pecuaria,863,Urea,exact,,Nuevo León,Urea,2024-09-30,2024,9,12100.0,12.1,11900.0,12300.0,-,MX-SNIIM-NUEVO_LEON,,True,http://www.economia-sniim.gob.mx/SNIIM-Pecuarios-Nacionales/SelIng.asp,http://www.economia-sniim.gob.mx/SNIIM-Pecuarios-Nacionales/e_Ing.asp,"{""RegPag"": ""1000"", ""anio"": ""2024"", ""mes"": ""09"", ""origen"": ""0"", ""prod"": ""863""}"
3f0602c8-17bf-4120-9672-b592e7fd061f,Urea pecuaria,863,Urea,exact,,Jalisco,Urea,2024-10-31,2024,10,410.0,0.41,410.0,410.0,-,MX-SNIIM-JALISCO,,True,http://www.economia-sniim.gob.mx/SNIIM-Pecuarios-Nacionales/SelIng.asp,http://www.economia-sniim.gob.mx/SNIIM-Pecuarios-Nacionales/e_Ing.asp,"{""RegPag"": ""1000"", ""anio"": ""2024"", ""mes"": ""10"", ""origen"": ""0"", ""prod"": ""863""}"
3f0602c8-17bf-4120-9672-b592e7fd061f,Urea pecuaria,863,Urea,exact,,Nuevo León,Urea,2024-10-31,2024,10,12100.0,12.1,11900.0,12300.0,-,MX-SNIIM-NUEVO_LEON,,True,http://www.economia-sniim.gob.mx/SNIIM-Pecuarios-Nacionales/SelIng.asp,http://www.economia-sniim.gob.mx/SNIIM-Pecuarios-Nacionales/e_Ing.asp,"{""RegPag"": ""1000"", ""anio"": ""2024"", ""mes"": ""10"", ""origen"": ""0"", ""prod"": ""863""}"
3f0602c8-17bf-4120-9672-b592e7fd061f,Urea pecuaria,863,Urea,exact,,Jalisco,Urea,2024-11-30,2024,11,415.0,0.415,415.0,415.0,-,MX-SNIIM-JALISCO,OUTLIER_VS_MONTH_MEDIAN,False,http://www.economia-sniim.gob.mx/SNIIM-Pecuarios-Nacionales/SelIng.asp,http://www.economia-sniim.gob.mx/SNIIM-Pecuarios-Nacionales/e_Ing.asp,"{""RegPag"": ""1000"", ""anio"": ""2024"", ""mes"": ""11"", ""origen"": ""0"", ""prod"": ""863""}"
3f0602c8-17bf-4120-9672-b592e7fd061f,Urea pecuaria,863,Urea,exact,,La Laguna,Urea,2024-11-30,2024,11,31000.0,31.0,31000.0,31000.0,-,MX-SNIIM-LA_LAGUNA,,True,http://www.economia-sniim.gob.mx/SNIIM-Pecuarios-Nacionales/SelIng.asp,http://www.economia-sniim.gob.mx/SNIIM-Pecuarios-Nacionales/e_Ing.asp,"{""RegPag"": ""1000"", ""anio"": ""2024"", ""mes"": ""11"", ""origen"": ""0"", ""prod"": ""863""}"
3f0602c8-17bf-4120-9672-b592e7fd061f,Urea pecuaria,863,Urea,exact,,Nuevo León,Urea,2024-11-30,2024,11,12875.0,12.875,12500.0,13250.0,-,MX-SNIIM-NUEVO_LEON,,True,http://www.economia-sniim.gob.mx/SNIIM-Pecuarios-Nacionales/SelIng.asp,http://www.economia-sniim.gob.mx/SNIIM-Pecuarios-Nacionales/e_Ing.asp,"{""RegPag"": ""1000"", ""anio"": ""2024"", ""mes"": ""11"", ""origen"": ""0"", ""prod"": ""863""}"
3f0602c8-17bf-4120-9672-b592e7fd061f,Urea pecuaria,863,Urea,exact,,Jalisco,Urea,2024-12-31,2024,12,415.0,0.415,415.0,415.0,-,MX-SNIIM-JALISCO,OUTLIER_VS_MONTH_MEDIAN,False,http://www.economia-sniim.gob.mx/SNIIM-Pecuarios-Nacionales/SelIng.asp,http://www.economia-sniim.gob.mx/SNIIM-Pecuarios-Nacionales/e_Ing.asp,"{""RegPag"": ""1000"", ""anio"": ""2024"", ""mes"": ""12"", ""origen"": ""0"", ""prod"": ""863""}"
3f0602c8-17bf-4120-9672-b592e7fd061f,Urea pecuaria,863,Urea,exact,,La Laguna,Urea,2024-12-31,2024,12,31000.0,31.0,31000.0,31000.0,-,MX-SNIIM-LA_LAGUNA,,True,http://www.economia-sniim.gob.mx/SNIIM-Pecuarios-Nacionales/SelIng.asp,http://www.economia-sniim.gob.mx/SNIIM-Pecuarios-Nacionales/e_Ing.asp,"{""RegPag"": ""1000"", ""anio"": ""2024"", ""mes"": ""12"", ""origen"": ""0"", ""prod"": ""863""}"
3f0602c8-17bf-4120-9672-b592e7fd061f,Urea pecuaria,863,Urea,exact,,Nuevo León,Urea,2024-12-31,2024,12,12875.0,12.875,12500.0,13250.0,-,MX-SNIIM-NUEVO_LEON,,True,http://www.economia-sniim.gob.mx/SNIIM-Pecuarios-Nacionales/SelIng.asp,http://www.economia-sniim.gob.mx/SNIIM-Pecuarios-Nacionales/e_Ing.asp,"{""RegPag"": ""1000"", ""anio"": ""2024"", ""mes"": ""12"", ""origen"": ""0"", ""prod"": ""863""}"
3f0602c8-17bf-4120-9672-b592e7fd061f,Urea pecuaria,863,Urea,exact,,Jalisco,Urea,2025-01-31,2025,1,420.0,0.42,420.0,420.0,-,MX-SNIIM-JALISCO,OUTLIER_VS_MONTH_MEDIAN,False,http://www.economia-sniim.gob.mx/SNIIM-Pecuarios-Nacionales/SelIng.asp,http://www.economia-sniim.gob.mx/SNIIM-Pecuarios-Nacionales/e_Ing.asp,"{""RegPag"": ""1000"", ""anio"": ""2025"", ""mes"": ""01"", ""origen"": ""0"", ""prod"": ""863""}"
3f0602c8-17bf-4120-9672-b592e7fd061f,Urea pecuaria,863,Urea,exact,,La Laguna,Urea,2025-01-31,2025,1,31000.0,31.0,31000.0,31000.0,-,MX-SNIIM-LA_LAGUNA,,True,http://www.economia-sniim.gob.mx/SNIIM-Pecuarios-Nacionales/SelIng.asp,http://www.economia-sniim.gob.mx/SNIIM-Pecuarios-Nacionales/e_Ing.asp,"{""RegPag"": ""1000"", ""anio"": ""2025"", ""mes"": ""01"", ""origen"": ""0"", ""prod"": ""863""}"
3f0602c8-17bf-4120-9672-b592e7fd061f,Urea pecuaria,863,Urea,exact,,Nuevo León,Urea,2025-01-31,2025,1,11920.0,11.92,11920.0,11920.0,-,MX-SNIIM-NUEVO_LEON,,True,http://www.economia-sniim.gob.mx/SNIIM-Pecuarios-Nacionales/SelIng.asp,http://www.economia-sniim.gob.mx/SNIIM-Pecuarios-Nacionales/e_Ing.asp,"{""RegPag"": ""1000"", ""anio"": ""2025"", ""mes"": ""01"", ""origen"": ""0"", ""prod"": ""863""}"
3f0602c8-17bf-4120-9672-b592e7fd061f,Urea pecuaria,863,Urea,exact,,Jalisco,Urea,2025-02-28,2025,2,460.0,0.46,460.0,460.0,-,MX-SNIIM-JALISCO,,True,http://www.economia-sniim.gob.mx/SNIIM-Pecuarios-Nacionales/SelIng.asp,http://www.economia-sniim.gob.mx/SNIIM-Pecuarios-Nacionales/e_Ing.asp,"{""RegPag"": ""1000"", ""anio"": ""2025"", ""mes"": ""02"", ""origen"": ""0"", ""prod"": ""863""}"
3f0602c8-17bf-4120-9672-b592e7fd061f,Urea pecuaria,863,Urea,exact,,La Laguna,Urea,2025-02-28,2025,2,31000.0,31.0,31000.0,31000.0,-,MX-SNIIM-LA_LAGUNA,,True,http://www.economia-sniim.gob.mx/SNIIM-Pecuarios-Nacionales/SelIng.asp,http://www.economia-sniim.gob.mx/SNIIM-Pecuarios-Nacionales/e_Ing.asp,"{""RegPag"": ""1000"", ""anio"": ""2025"", ""mes"": ""02"", ""origen"": ""0"", ""prod"": ""863""}"
3f0602c8-17bf-4120-9672-b592e7fd061f,Urea pecuaria,863,Urea,exact,,Jalisco,Urea,2025-03-31,2025,3,460.0,0.46,460.0,460.0,-,MX-SNIIM-JALISCO,,True,http://www.economia-sniim.gob.mx/SNIIM-Pecuarios-Nacionales/SelIng.asp,http://www.economia-sniim.gob.mx/SNIIM-Pecuarios-Nacionales/e_Ing.asp,"{""RegPag"": ""1000"", ""anio"": ""2025"", ""mes"": ""03"", ""origen"": ""0"", ""prod"": ""863""}"
3f0602c8-17bf-4120-9672-b592e7fd061f,Urea pecuaria,863,Urea,exact,,La Laguna,Urea,2025-03-31,2025,3,31000.0,31.0,31000.0,31000.0,-,MX-SNIIM-LA_LAGUNA,,True,http://www.economia-sniim.gob.mx/SNIIM-Pecuarios-Nacionales/SelIng.asp,http://www.economia-sniim.gob.mx/SNIIM-Pecuarios-Nacionales/e_Ing.asp,"{""RegPag"": ""1000"", ""anio"": ""2025"", ""mes"": ""03"", ""origen"": ""0"", ""prod"": ""863""}"
3f0602c8-17bf-4120-9672-b592e7fd061f,Urea pecuaria,863,Urea,exact,,Jalisco,Urea,2025-04-30,2025,4,470.0,0.47,470.0,470.0,-,MX-SNIIM-JALISCO,OUTLIER_VS_MONTH_MEDIAN,False,http://www.economia-sniim.gob.mx/SNIIM-Pecuarios-Nacionales/SelIng.asp,http://www.economia-sniim.gob.mx/SNIIM-Pecuarios-Nacionales/e_Ing.asp,"{""RegPag"": ""1000"", ""anio"": ""2025"", ""mes"": ""04"", ""origen"": ""0"", ""prod"": ""863""}"
3f0602c8-17bf-4120-9672-b592e7fd061f,Urea pecuaria,863,Urea,exact,,La Laguna,Urea,2025-04-30,2025,4,31000.0,31.0,31000.0,31000.0,-,MX-SNIIM-LA_LAGUNA,,True,http://www.economia-sniim.gob.mx/SNIIM-Pecuarios-Nacionales/SelIng.asp,http://www.economia-sniim.gob.mx/SNIIM-Pecuarios-Nacionales/e_Ing.asp,"{""RegPag"": ""1000"", ""anio"": ""2025"", ""mes"": ""04"", ""origen"": ""0"", ""prod"": ""863""}"
3f0602c8-17bf-4120-9672-b592e7fd061f,Urea pecuaria,863,Urea,exact,,Nuevo León,Urea,2025-04-30,2025,4,11920.0,11.92,11920.0,11920.0,-,MX-SNIIM-NUEVO_LEON,,True,http://www.economia-sniim.gob.mx/SNIIM-Pecuarios-Nacionales/SelIng.asp,http://www.economia-sniim.gob.mx/SNIIM-Pecuarios-Nacionales/e_Ing.asp,"{""RegPag"": ""1000"", ""anio"": ""2025"", ""mes"": ""04"", ""origen"": ""0"", ""prod"": ""863""}"
3f0602c8-17bf-4120-9672-b592e7fd061f,Urea pecuaria,863,Urea,exact,,La Laguna,Urea,2025-05-31,2025,5,31000.0,31.0,31000.0,31000.0,-,MX-SNIIM-LA_LAGUNA,,True,http://www.economia-sniim.gob.mx/SNIIM-Pecuarios-Nacionales/SelIng.asp,http://www.economia-sniim.gob.mx/SNIIM-Pecuarios-Nacionales/e_Ing.asp,"{""RegPag"": ""1000"", ""anio"": ""2025"", ""mes"": ""05"", ""origen"": ""0"", ""prod"": ""863""}"
3f0602c8-17bf-4120-9672-b592e7fd061f,Urea pecuaria,863,Urea,exact,,Nuevo León,Urea,2025-05-31,2025,5,13035.0,13.035,11910.0,14160.0,-,MX-SNIIM-NUEVO_LEON,,True,http://www.economia-sniim.gob.mx/SNIIM-Pecuarios-Nacionales/SelIng.asp,http://www.economia-sniim.gob.mx/SNIIM-Pecuarios-Nacionales/e_Ing.asp,"{""RegPag"": ""1000"", ""anio"": ""2025"", ""mes"": ""05"", ""origen"": ""0"", ""prod"": ""863""}"
3f0602c8-17bf-4120-9672-b592e7fd061f,Urea pecuaria,863,Urea,exact,,Jalisco,Urea,2025-06-30,2025,6,470.0,0.47,470.0,470.0,-,MX-SNIIM-JALISCO,OUTLIER_VS_MONTH_MEDIAN,False,http://www.economia-sniim.gob.mx/SNIIM-Pecuarios-Nacionales/SelIng.asp,http://www.economia-sniim.gob.mx/SNIIM-Pecuarios-Nacionales/e_Ing.asp,"{""RegPag"": ""1000"", ""anio"": ""2025"", ""mes"": ""06"", ""origen"": ""0"", ""prod"": ""863""}"
3f0602c8-17bf-4120-9672-b592e7fd061f,Urea pecuaria,863,Urea,exact,,Jalisco,Urea,2025-06-30,2025,6,470.0,0.47,470.0,470.0,-,MX-SNIIM-JALISCO,OUTLIER_VS_MONTH_MEDIAN,False,http://www.economia-sniim.gob.mx/SNIIM-Pecuarios-Nacionales/SelIng.asp,http://www.economia-sniim.gob.mx/SNIIM-Pecuarios-Nacionales/e_Ing.asp,"{""RegPag"": ""1000"", ""anio"": ""2025"", ""mes"": ""06"", ""origen"": ""0"", ""prod"": ""863""}"
3f0602c8-17bf-4120-9672-b592e7fd061f,Urea pecuaria,863,Urea,exact,,La Laguna,Urea,2025-06-30,2025,6,31000.0,31.0,31000.0,31000.0,-,MX-SNIIM-LA_LAGUNA,OUTLIER_VS_MONTH_MEDIAN,False,http://www.economia-sniim.gob.mx/SNIIM-Pecuarios-Nacionales/SelIng.asp,http://www.economia-sniim.gob.mx/SNIIM-Pecuarios-Nacionales/e_Ing.asp,"{""RegPag"": ""1000"", ""anio"": ""2025"", ""mes"": ""06"", ""origen"": ""0"", ""prod"": ""863""}"
3f0602c8-17bf-4120-9672-b592e7fd061f,Urea pecuaria,863,Urea,exact,,Nuevo León,Urea,2025-06-30,2025,6,13035.0,13.035,11910.0,14160.0,-,MX-SNIIM-NUEVO_LEON,,True,http://www.economia-sniim.gob.mx/SNIIM-Pecuarios-Nacionales/SelIng.asp,http://www.economia-sniim.gob.mx/SNIIM-Pecuarios-Nacionales/e_Ing.asp,"{""RegPag"": ""1000"", ""anio"": ""2025"", ""mes"": ""06"", ""origen"": ""0"", ""prod"": ""863""}"
3f0602c8-17bf-4120-9672-b592e7fd061f,Urea pecuaria,863,Urea,exact,,Jalisco,Urea,2025-07-31,2025,7,530.0,0.53,530.0,530.0,-,MX-SNIIM-JALISCO,OUTLIER_VS_MONTH_MEDIAN,False,http://www.economia-sniim.gob.mx/SNIIM-Pecuarios-Nacionales/SelIng.asp,http://www.economia-sniim.gob.mx/SNIIM-Pecuarios-Nacionales/e_Ing.asp,"{""RegPag"": ""1000"", ""anio"": ""2025"", ""mes"": ""07"", ""origen"": ""0"", ""prod"": ""863""}"
3f0602c8-17bf-4120-9672-b592e7fd061f,Urea pecuaria,863,Urea,exact,,La Laguna,Urea,2025-07-31,2025,7,31000.0,31.0,31000.0,31000.0,-,MX-SNIIM-LA_LAGUNA,,True,http://www.economia-sniim.gob.mx/SNIIM-Pecuarios-Nacionales/SelIng.asp,http://www.economia-sniim.gob.mx/SNIIM-Pecuarios-Nacionales/e_Ing.asp,"{""RegPag"": ""1000"", ""anio"": ""2025"", ""mes"": ""07"", ""origen"": ""0"", ""prod"": ""863""}"
3f0602c8-17bf-4120-9672-b592e7fd061f,Urea pecuaria,863,Urea,exact,,Nuevo León,Urea,2025-07-31,2025,7,11910.0,11.91,11910.0,11910.0,-,MX-SNIIM-NUEVO_LEON,,True,http://www.economia-sniim.gob.mx/SNIIM-Pecuarios-Nacionales/SelIng.asp,http://www.economia-sniim.gob.mx/SNIIM-Pecuarios-Nacionales/e_Ing.asp,"{""RegPag"": ""1000"", ""anio"": ""2025"", ""mes"": ""07"", ""origen"": ""0"", ""prod"": ""863""}"
3f0602c8-17bf-4120-9672-b592e7fd061f,Urea pecuaria,863,Urea,exact,,Jalisco,Urea,2025-08-31,2025,8,505.0,0.505,505.0,505.0,-,MX-SNIIM-JALISCO,OUTLIER_VS_MONTH_MEDIAN,False,http://www.economia-sniim.gob.mx/SNIIM-Pecuarios-Nacionales/SelIng.asp,http://www.economia-sniim.gob.mx/SNIIM-Pecuarios-Nacionales/e_Ing.asp,"{""RegPag"": ""1000"", ""anio"": ""2025"", ""mes"": ""08"", ""origen"": ""0"", ""prod"": ""863""}"
3f0602c8-17bf-4120-9672-b592e7fd061f,Urea pecuaria,863,Urea,exact,,La Laguna,Urea,2025-08-31,2025,8,31000.0,31.0,31000.0,31000.0,-,MX-SNIIM-LA_LAGUNA,,True,http://www.economia-sniim.gob.mx/SNIIM-Pecuarios-Nacionales/SelIng.asp,http://www.economia-sniim.gob.mx/SNIIM-Pecuarios-Nacionales/e_Ing.asp,"{""RegPag"": ""1000"", ""anio"": ""2025"", ""mes"": ""08"", ""origen"": ""0"", ""prod"": ""863""}"
3f0602c8-17bf-4120-9672-b592e7fd061f,Urea pecuaria,863,Urea,exact,,Nuevo León,Urea,2025-08-31,2025,8,14840.0,14.84,14840.0,14840.0,-,MX-SNIIM-NUEVO_LEON,,True,http://www.economia-sniim.gob.mx/SNIIM-Pecuarios-Nacionales/SelIng.asp,http://www.economia-sniim.gob.mx/SNIIM-Pecuarios-Nacionales/e_Ing.asp,"{""RegPag"": ""1000"", ""anio"": ""2025"", ""mes"": ""08"", ""origen"": ""0"", ""prod"": ""863""}"
3f0602c8-17bf-4120-9672-b592e7fd061f,Urea pecuaria,863,Urea,exact,,Jalisco,Urea,2025-09-30,2025,9,595.0,0.595,595.0,595.0,-,MX-SNIIM-JALISCO,OUTLIER_VS_MONTH_MEDIAN,False,http://www.economia-sniim.gob.mx/SNIIM-Pecuarios-Nacionales/SelIng.asp,http://www.economia-sniim.gob.mx/SNIIM-Pecuarios-Nacionales/e_Ing.asp,"{""RegPag"": ""1000"", ""anio"": ""2025"", ""mes"": ""09"", ""origen"": ""0"", ""prod"": ""863""}"
3f0602c8-17bf-4120-9672-b592e7fd061f,Urea pecuaria,863,Urea,exact,,La Laguna,Urea,2025-09-30,2025,9,31000.0,31.0,31000.0,31000.0,-,MX-SNIIM-LA_LAGUNA,,True,http://www.economia-sniim.gob.mx/SNIIM-Pecuarios-Nacionales/SelIng.asp,http://www.economia-sniim.gob.mx/SNIIM-Pecuarios-Nacionales/e_Ing.asp,"{""RegPag"": ""1000"", ""anio"": ""2025"", ""mes"": ""09"", ""origen"": ""0"", ""prod"": ""863""}"
3f0602c8-17bf-4120-9672-b592e7fd061f,Urea pecuaria,863,Urea,exact,,Nuevo León,Urea,2025-09-30,2025,9,14200.0,14.2,14200.0,14200.0,-,MX-SNIIM-NUEVO_LEON,,True,http://www.economia-sniim.gob.mx/SNIIM-Pecuarios-Nacionales/SelIng.asp,http://www.economia-sniim.gob.mx/SNIIM-Pecuarios-Nacionales/e_Ing.asp,"{""RegPag"": ""1000"", ""anio"": ""2025"", ""mes"": ""09"", ""origen"": ""0"", ""prod"": ""863""}"
3f0602c8-17bf-4120-9672-b592e7fd061f,Urea pecuaria,863,Urea,exact,,Jalisco,Urea,2025-10-31,2025,10,505.0,0.505,505.0,505.0,-,MX-SNIIM-JALISCO,OUTLIER_VS_MONTH_MEDIAN,False,http://www.economia-sniim.gob.mx/SNIIM-Pecuarios-Nacionales/SelIng.asp,http://www.economia-sniim.gob.mx/SNIIM-Pecuarios-Nacionales/e_Ing.asp,"{""RegPag"": ""1000"", ""anio"": ""2025"", ""mes"": ""10"", ""origen"": ""0"", ""prod"": ""863""}"
3f0602c8-17bf-4120-9672-b592e7fd061f,Urea pecuaria,863,Urea,exact,,La Laguna,Urea,2025-10-31,2025,10,31000.0,31.0,31000.0,31000.0,-,MX-SNIIM-LA_LAGUNA,,True,http://www.economia-sniim.gob.mx/SNIIM-Pecuarios-Nacionales/SelIng.asp,http://www.economia-sniim.gob.mx/SNIIM-Pecuarios-Nacionales/e_Ing.asp,"{""RegPag"": ""1000"", ""anio"": ""2025"", ""mes"": ""10"", ""origen"": ""0"", ""prod"": ""863""}"
3f0602c8-17bf-4120-9672-b592e7fd061f,Urea pecuaria,863,Urea,exact,,Nuevo León,Urea,2025-10-31,2025,10,14200.0,14.2,14200.0,14200.0,-,MX-SNIIM-NUEVO_LEON,,True,http://www.economia-sniim.gob.mx/SNIIM-Pecuarios-Nacionales/SelIng.asp,http://www.economia-sniim.gob.mx/SNIIM-Pecuarios-Nacionales/e_Ing.asp,"{""RegPag"": ""1000"", ""anio"": ""2025"", ""mes"": ""10"", ""origen"": ""0"", ""prod"": ""863""}"
3f0602c8-17bf-4120-9672-b592e7fd061f,Urea pecuaria,863,Urea,exact,,Jalisco,Urea,2025-11-30,2025,11,505.0,0.505,505.0,505.0,-,MX-SNIIM-JALISCO,OUTLIER_VS_MONTH_MEDIAN,False,http://www.economia-sniim.gob.mx/SNIIM-Pecuarios-Nacionales/SelIng.asp,http://www.economia-sniim.gob.mx/SNIIM-Pecuarios-Nacionales/e_Ing.asp,"{""RegPag"": ""1000"", ""anio"": ""2025"", ""mes"": ""11"", ""origen"": ""0"", ""prod"": ""863""}"
3f0602c8-17bf-4120-9672-b592e7fd061f,Urea pecuaria,863,Urea,exact,,La Laguna,Urea,2025-11-30,2025,11,31000.0,31.0,31000.0,31000.0,-,MX-SNIIM-LA_LAGUNA,,True,http://www.economia-sniim.gob.mx/SNIIM-Pecuarios-Nacionales/SelIng.asp,http://www.economia-sniim.gob.mx/SNIIM-Pecuarios-Nacionales/e_Ing.asp,"{""RegPag"": ""1000"", ""anio"": ""2025"", ""mes"": ""11"", ""origen"": ""0"", ""prod"": ""863""}"
3f0602c8-17bf-4120-9672-b592e7fd061f,Urea pecuaria,863,Urea,exact,,Nuevo León,Urea,2025-11-30,2025,11,14200.0,14.2,14200.0,14200.0,-,MX-SNIIM-NUEVO_LEON,,True,http://www.economia-sniim.gob.mx/SNIIM-Pecuarios-Nacionales/SelIng.asp,http://www.economia-sniim.gob.mx/SNIIM-Pecuarios-Nacionales/e_Ing.asp,"{""RegPag"": ""1000"", ""anio"": ""2025"", ""mes"": ""11"", ""origen"": ""0"", ""prod"": ""863""}"
3f0602c8-17bf-4120-9672-b592e7fd061f,Urea pecuaria,863,Urea,exact,,Jalisco,Urea,2025-12-31,2025,12,470.0,0.47,470.0,470.0,-,MX-SNIIM-JALISCO,OUTLIER_VS_MONTH_MEDIAN,False,http://www.economia-sniim.gob.mx/SNIIM-Pecuarios-Nacionales/SelIng.asp,http://www.economia-sniim.gob.mx/SNIIM-Pecuarios-Nacionales/e_Ing.asp,"{""RegPag"": ""1000"", ""anio"": ""2025"", ""mes"": ""12"", ""origen"": ""0"", ""prod"": ""863""}"
3f0602c8-17bf-4120-9672-b592e7fd061f,Urea pecuaria,863,Urea,exact,,La Laguna,Urea,2025-12-31,2025,12,31000.0,31.0,31000.0,31000.0,-,MX-SNIIM-LA_LAGUNA,,True,http://www.economia-sniim.gob.mx/SNIIM-Pecuarios-Nacionales/SelIng.asp,http://www.economia-sniim.gob.mx/SNIIM-Pecuarios-Nacionales/e_Ing.asp,"{""RegPag"": ""1000"", ""anio"": ""2025"", ""mes"": ""12"", ""origen"": ""0"", ""prod"": ""863""}"
3f0602c8-17bf-4120-9672-b592e7fd061f,Urea pecuaria,863,Urea,exact,,Nuevo León,Urea,2025-12-31,2025,12,14200.0,14.2,14200.0,14200.0,-,MX-SNIIM-NUEVO_LEON,,True,http://www.economia-sniim.gob.mx/SNIIM-Pecuarios-Nacionales/SelIng.asp,http://www.economia-sniim.gob.mx/SNIIM-Pecuarios-Nacionales/e_Ing.asp,"{""RegPag"": ""1000"", ""anio"": ""2025"", ""mes"": ""12"", ""origen"": ""0"", ""prod"": ""863""}"
3f0602c8-17bf-4120-9672-b592e7fd061f,Urea pecuaria,863,Urea,exact,,Jalisco,Urea,2026-01-31,2026,1,470.0,0.47,470.0,470.0,-,MX-SNIIM-JALISCO,OUTLIER_VS_MONTH_MEDIAN,False,http://www.economia-sniim.gob.mx/SNIIM-Pecuarios-Nacionales/SelIng.asp,http://www.economia-sniim.gob.mx/SNIIM-Pecuarios-Nacionales/e_Ing.asp,"{""RegPag"": ""1000"", ""anio"": ""2026"", ""mes"": ""01"", ""origen"": ""0"", ""prod"": ""863""}"
3f0602c8-17bf-4120-9672-b592e7fd061f,Urea pecuaria,863,Urea,exact,,La Laguna,Urea,2026-01-31,2026,1,31000.0,31.0,31000.0,31000.0,-,MX-SNIIM-LA_LAGUNA,,True,http://www.economia-sniim.gob.mx/SNIIM-Pecuarios-Nacionales/SelIng.asp,http://www.economia-sniim.gob.mx/SNIIM-Pecuarios-Nacionales/e_Ing.asp,"{""RegPag"": ""1000"", ""anio"": ""2026"", ""mes"": ""01"", ""origen"": ""0"", ""prod"": ""863""}"
3f0602c8-17bf-4120-9672-b592e7fd061f,Urea pecuaria,863,Urea,exact,,Nuevo León,Urea,2026-01-31,2026,1,14200.0,14.2,14200.0,14200.0,-,MX-SNIIM-NUEVO_LEON,,True,http://www.economia-sniim.gob.mx/SNIIM-Pecuarios-Nacionales/SelIng.asp,http://www.economia-sniim.gob.mx/SNIIM-Pecuarios-Nacionales/e_Ing.asp,"{""RegPag"": ""1000"", ""anio"": ""2026"", ""mes"": ""01"", ""origen"": ""0"", ""prod"": ""863""}"
3f0602c8-17bf-4120-9672-b592e7fd061f,Urea pecuaria,863,Urea,exact,,Jalisco,Urea,2026-02-28,2026,2,480.0,0.48,480.0,480.0,-,MX-SNIIM-JALISCO,OUTLIER_VS_MONTH_MEDIAN,False,http://www.economia-sniim.gob.mx/SNIIM-Pecuarios-Nacionales/SelIng.asp,http://www.economia-sniim.gob.mx/SNIIM-Pecuarios-Nacionales/e_Ing.asp,"{""RegPag"": ""1000"", ""anio"": ""2026"", ""mes"": ""02"", ""origen"": ""0"", ""prod"": ""863""}"
3f0602c8-17bf-4120-9672-b592e7fd061f,Urea pecuaria,863,Urea,exact,,La Laguna,Urea,2026-02-28,2026,2,31000.0,31.0,31000.0,31000.0,-,MX-SNIIM-LA_LAGUNA,,True,http://www.economia-sniim.gob.mx/SNIIM-Pecuarios-Nacionales/SelIng.asp,http://www.economia-sniim.gob.mx/SNIIM-Pecuarios-Nacionales/e_Ing.asp,"{""RegPag"": ""1000"", ""anio"": ""2026"", ""mes"": ""02"", ""origen"": ""0"", ""prod"": ""863""}"
3f0602c8-17bf-4120-9672-b592e7fd061f,Urea pecuaria,863,Urea,exact,,Nuevo León,Urea,2026-02-28,2026,2,12400.0,12.4,12400.0,12400.0,-,MX-SNIIM-NUEVO_LEON,,True,http://www.economia-sniim.gob.mx/SNIIM-Pecuarios-Nacionales/SelIng.asp,http://www.economia-sniim.gob.mx/SNIIM-Pecuarios-Nacionales/e_Ing.asp,"{""RegPag"": ""1000"", ""anio"": ""2026"", ""mes"": ""02"", ""origen"": ""0"", ""prod"": ""863""}"
